idx,sign_new,sign_del,sign_mut,lane_new,lane_del,lane_mut,pole_new,pole_del,pole_mut,dlnt_new,dlnt_del,dlnt_mut,brer_new,brer_del,brer_mut,lat,lon,alt,heading,qx,qy,qz,qw,image_name,iter_duration
2,0,0,0,0,0,0,0,0,0,0,0,0,0,0,0,0.69916727682,2.02984729099,4.24683094025e-07,-0.372278664344,0,0,-0.203008433738,0.979176989023,./2010231204343010282-1-114929261.JPG,3213
3,0,0,0,0,0,0,0,0,0,0,0,0,0,0,0,0.699167555138,2.02984712515,1.39325857162e-06,-0.369852679451,0,0,-0.185125602985,0.98271486766,./2010231204343010282-1-114929367.JPG,69
4,0,0,0,0,0,0,0,0,0,0,0,0,0,0,0,0.699167835123,2.02984696594,2.95974314213e-06,-0.371012760909,0,0,-0.183694665956,0.98298335169,./2010231204343010282-1-114929473.JPG,71
5,0,0,0,0,0,0,0,0,0,0,0,0,0,0,0,0.699168120582,2.02984679991,5.17535954714e-06,-0.37041884176,0,0,-0.184632241804,0.982807679705,./2010231204343010282-1-114929579.JPG,83
6,1,0,0,0,0,0,0,0,0,0,0,0,0,0,0,0.699168406849,2.02984663297,8.02148133516e-06,-0.368633345398,0,0,-0.184007171308,0.98292490095,./2010231204343010282-1-114929685.JPG,67
7,1,0,0,0,0,0,0,0,0,0,0,0,0,0,0,0.699168687535,2.02984647397,44.1931320792,-0.369749518761,0.00736593005826,-0.00858227116941,-0.183750282185,0.982907890645,./2010231204343010282-1-114929791.JPG,67
8,0,0,0,0,0,0,0,0,0,0,0,0,0,0,0,0.699168974832,2.02984630935,44.1677273624,-0.370587367881,0.00735181067189,-0.00857483881013,-0.184162219392,0.982830962052,./2010231204343010282-1-114929897.JPG,59
9,0,0,0,0,0,0,0,0,0,0,0,0,0,0,0,0.699169261562,2.02984614188,44.1421064185,-0.369120170627,0.00736270177855,-0.00858414247088,-0.183440968999,0.982965672856,./2010231204343010282-1-114930003.JPG,40
10,0,0,0,0,0,0,0,0,0,0,0,0,0,0,0,0.699169548076,2.02984597471,44.1164174555,-0.36661988709,0.00737548853026,-0.0085987867013,-0.182211694819,0.983194060858,./2010231204343010282-1-114930113.JPG,263
11,0,0,0,0,0,0,0,1,0,0,0,0,0,0,0,0.699169833153,2.02984580436,44.0907732416,-0.363641992095,0.00741046602303,-0.00862106533867,-0.18074704308,0.983463913239,./2010231204343010282-1-114930219.JPG,72
12,0,0,0,0,0,0,0,0,0,0,0,0,0,0,0,0.699170122411,2.02984564394,44.0644924995,-0.365077103471,0.00742957080004,-0.0086186769535,-0.181452605941,0.983333855658,./2010231204343010282-1-114930325.JPG,61
13,0,0,0,0,0,0,0,0,0,0,0,0,0,0,0,0.699170409348,2.02984548191,44.0386615191,-0.365072672504,0.00743702730929,-0.00862032249509,-0.18145035888,0.983334199511,./2010231204343010282-1-114930431.JPG,67
14,0,0,0,0,0,0,0,0,0,0,0,0,0,0,0,0.699170696587,2.02984531651,44.0136786466,-0.364890195955,0.00739051211304,-0.00860989624281,-0.181361066471,0.983351114092,./2010231204343010282-1-114930537.JPG,63
15,0,0,0,0,0,0,0,0,0,0,0,0,0,0,0,0.69917098204,2.02984514776,43.9890887486,-0.36015958964,0.00732666385801,-0.00861667866473,-0.179034926206,0.983777702555,./2010231204343010282-1-114930643.JPG,88
16,0,0,0,0,0,0,0,0,0,0,0,0,0,0,0,0.699171270375,2.02984498724,43.9634086918,-0.36355800161,0.0073171177009,-0.00859825571102,-0.180706622337,0.983472239787,./2010231204343010282-1-114930749.JPG,54
17,0,0,0,0,0,0,0,0,0,0,0,0,0,0,0,0.699171556916,2.02984482135,43.9378906889,-0.362151694755,0.0073156010383,-0.00860432841574,-0.180014969782,0.983599033229,./2010231204343010282-1-114930855.JPG,64
18,0,0,0,0,0,0,0,0,0,0,0,0,0,0,0,0.699171843513,2.02984465407,43.9124715235,-0.362077536452,0.00731744603019,-0.00860496038142,-0.179978478254,0.983605691833,./2010231204343010282-1-114930961.JPG,53
19,0,0,0,0,0,0,0,0,0,0,0,0,0,0,0,0.699172136667,2.02984449792,43.8858756414,-0.367798447707,0.00732407941113,-0.0085795680166,-0.182791614672,0.983086961809,./2010231204343010282-1-114931069.JPG,42
20,0,0,0,0,0,0,0,0,0,0,0,0,0,0,0,0.699172423009,2.02984432901,43.8606698792,-0.366746194835,0.00731506862411,-0.00858218739672,-0.182274377778,0.98318303842,./2010231204343010282-1-114931174.JPG,338
21,0,0,0,0,0,0,0,0,0,0,0,0,0,0,0,0.699172708929,2.02984415887,43.8361313073,-0.366227033996,0.0072662343587,-0.00857280368073,-0.182019579781,0.983230685776,./2010231204343010282-1-114931279.JPG,61
22,0,0,0,0,0,0,0,0,0,0,0,0,0,0,0,0.699172996271,2.02984399686,43.8105947161,-0.369137017403,0.00725989215982,-0.00855760543433,-0.183450228739,0.982964940845,./2010231204343010282-1-114931384.JPG,150
23,0,0,0,0,0,0,0,0,0,0,0,0,0,0,0,0.699173283481,2.02984383191,43.7855117684,-0.37128641481,0.00722950897876,-0.00854030191284,-0.184506935957,0.982767514739,./2010231204343010282-1-114931489.JPG,87
24,0,0,0,0,0,0,0,0,0,0,0,0,0,0,0,0.699173569813,2.02984366381,43.7603085758,-0.371623376337,0.00722246947115,-0.00853692489989,-0.18467259925,0.982736479395,./2010231204343010282-1-114931594.JPG,56
25,0,0,0,0,0,0,0,0,0,0,0,0,0,0,0,0.699173847478,2.02984350281,43.7356945658,-0.373579873861,0.00722702968578,-0.00852881246909,-0.185633957487,0.982555374128,./2010231204343010282-1-114931699.JPG,55
26,0,0,0,0,0,0,0,0,0,0,0,0,0,0,0,0.699174129696,2.02984332533,43.7101699002,-0.368286446508,0.00730058505637,-0.00857058663677,-0.183031745296,0.983042535558,./2010231204343010282-1-114931804.JPG,52
27,0,0,0,0,0,0,0,0,0,0,0,0,0,0,0,0.69917442249,2.02984317658,43.6828604843,-0.375531807662,0.00734033520692,-0.00854597261372,-0.186591900106,0.982372917301,./2010231204343010282-1-114931909.JPG,53
28,0,0,0,0,0,0,0,0,0,0,0,0,0,0,0,0.699174705198,2.02984300075,43.6582779679,-0.370892387609,0.00733287638938,-0.00856573931466,-0.184312340938,0.982803041312,./2010231204343010282-1-114932014.JPG,57
29,0,0,0,0,0,0,0,0,0,0,0,0,0,0,0,0.699174992208,2.02984283623,43.6331682149,-0.371194828585,0.00729712560251,-0.00855572728475,-0.184461311677,0.98277544535,./2010231204343010282-1-114932120.JPG,34
30,0,0,0,0,0,0,0,0,0,0,0,0,0,0,0,0.699175278475,2.02984266941,43.6083746022,-0.370396727012,0.00724946354582,-0.00854801693797,-0.184069510226,0.982849323187,./2010231204343010282-1-114932224.JPG,270
31,0,0,0,0,0,0,0,0,0,0,0,0,0,0,0,0.699175568411,2.02984250306,43.5827176459,-0.37118049294,0.00723850471003,-0.00854163724625,-0.184454811875,0.982777221378,./2010231204343010282-1-114932328.JPG,56
32,0,0,0,0,0,0,0,0,0,0,0,0,0,0,0,0.69917585627,2.02984233718,43.5574154379,-0.37217493312,0.00721845822125,-0.00853215706245,-0.184943696568,0.982685567848,./2010231204343010282-1-114932432.JPG,66
33,0,0,0,0,0,0,0,0,0,0,0,0,0,0,0,0.699176142604,2.02984216887,43.5320349503,-0.369796141961,0.00721541827103,-0.00854225869885,-0.183774641196,0.982904801498,./2010231204343010282-1-114932536.JPG,55
34,0,0,0,0,0,0,0,0,0,0,0,0,0,0,0,0.6991764321,2.02984200978,43.505809905,-0.373929473692,0.00723520416277,-0.00852767471226,-0.185805668966,0.982522866892,./2010231204343010282-1-114932640.JPG,58
35,0,0,0,0,0,0,0,0,0,0,0,0,0,0,0,0.699176718323,2.02984183772,43.4799642935,-0.370510631843,0.00728085146364,-0.00855410434209,-0.18412521159,0.982838604735,./2010231204343010282-1-114932744.JPG,55
36,0,0,0,0,0,0,0,0,0,0,0,0,0,0,0,0.699177006199,2.02984167228,43.4544141162,-0.370675516406,0.00727472656137,-0.00855172979158,-0.184206307703,0.982823474726,./2010231204343010282-1-114932848.JPG,55
37,0,0,0,0,0,0,0,0,0,0,0,0,0,0,0,0.699177275283,2.02984151321,43.4301141249,-0.36903387647,0.00731305045214,-0.00856829945707,-0.183399063397,0.982974001224,./2010231204343010282-1-114932952.JPG,68
38,0,0,0,0,0,0,0,0,0,0,0,0,0,0,0,0.699177563865,2.02984135356,43.4031923488,-0.372578513962,0.00739463846333,-0.00857079303532,-0.185140399531,0.982646881281,./2010231204343010282-1-114933065.JPG,58
39,0,0,0,0,0,0,0,0,0,0,0,0,0,0,0,0.699177849873,2.02984118366,43.3765997635,-0.370709634724,0.00748122946314,-0.0085998879784,-0.184221164685,0.982818719609,./2010231204343010282-1-114933168.JPG,41
40,0,0,0,0,0,0,0,0,0,0,0,0,0,0,0,0.699178134397,2.0298410137,43.3506151997,-0.368150771399,0.0075503382165,-0.00862832773936,-0.182962742498,0.983052989015,./2010231204343010282-1-114933271.JPG,382
41,0,0,0,0,0,0,0,0,0,0,0,0,0,0,0,0.699178706891,2.02984068153,43.2966536274,-0.367986789306,0.00780227290704,-0.00868867822784,-0.182879761316,0.983065930805,./2010231204343010282-1-114933477.JPG,56
42,0,0,0,0,0,0,0,0,0,0,0,0,0,0,0,0.699178997929,2.02984051183,43.270269284,-0.365200663973,0.00786356285872,-0.00871692932692,-0.181509321112,0.983319147516,./2010231204343010282-1-114933580.JPG,58
43,0,0,0,0,0,0,0,0,0,0,0,0,0,0,0,0.699179288321,2.02984035522,43.2426114315,-0.374760080273,0.00803058055073,-0.00866890540745,-0.186206858669,0.98243949719,./2010231204343010282-1-114933683.JPG,67
44,0,0,0,0,0,0,0,0,0,0,0,0,0,0,0,0.699179574329,2.02984019023,43.2193003697,-0.376505617465,0.0079409008144,-0.0086390478437,-0.187065209246,0.982277413176,./2010231204343010282-1-114933786.JPG,62
45,0,0,0,0,0,0,0,0,0,0,0,0,0,0,0,0.699179861122,2.02984002022,43.1956622377,-0.376888269832,0.00788773697384,-0.00862458971686,-0.187253667607,0.982242059793,./2010231204343010282-1-114933889.JPG,58
46,0,0,0,0,0,0,0,0,0,0,0,0,0,0,0,0.699180147722,2.02983985463,43.1704297373,-0.381758063697,0.00795591724233,-0.00861608417889,-0.189644523407,0.981782777001,./2010231204343010282-1-114933992.JPG,58
47,0,0,0,0,0,0,0,0,0,0,0,0,0,0,0,0.699180448473,2.02983972612,43.1421176996,-0.390685323265,0.00800431856419,-0.00858259397778,-0.194025213931,0.980926340927,./2010231204343010282-1-114934102.JPG,56
48,0,0,0,0,0,0,0,0,0,0,0,0,0,0,0,0.699180711324,2.02983953771,43.1216900013,-0.38813840354,0.00799704182967,-0.00859345806011,-0.192775747295,0.981172620417,./2010231204343010282-1-114934205.JPG,59
49,0,0,0,0,0,0,0,0,0,0,0,0,0,0,0,0.699180990421,2.0298393502,43.099222579,-0.374210383488,0.00796044729783,-0.00865427083398,-0.185937453328,0.982491220482,./2010231204343010282-1-114934308.JPG,56
50,0,0,0,0,0,0,0,0,0,0,0,0,0,0,0,0.699181277833,2.02983918783,43.0736233275,-0.379143372738,0.00799379646258,-0.00863724284386,-0.1883602801,0.982029481296,./2010231204343010282-1-114934411.JPG,391
51,0,0,0,0,0,0,0,0,0,0,0,0,0,0,0,0.699181563393,2.02983901682,43.0488072261,-0.376844861761,0.0079519443132,-0.00863882103087,-0.18723176003,0.982245593214,./2010231204343010282-1-114934514.JPG,108
52,0,0,0,0,0,0,0,0,0,0,0,0,0,0,0,0.699181850891,2.0298388502,43.0236923276,-0.377887278186,0.00789809656796,-0.00862094456969,-0.187744273567,0.982148352912,./2010231204343010282-1-114934617.JPG,58
53,0,0,0,0,0,0,0,0,0,0,0,0,0,0,0,0.699182136642,2.02983868181,42.9984948458,-0.378944803199,0.00781551155997,-0.00859638896217,-0.18826441881,0.982049656833,./2010231204343010282-1-114934720.JPG,60
54,0,0,0,0,0,0,0,0,0,0,0,0,0,0,0,0.699182443981,2.02983849704,42.9713405529,-0.373171606598,0.0077131887828,-0.00860052497823,-0.185429368535,0.982589683934,./2010231204343010282-1-114934823.JPG,62
55,0,0,0,0,0,0,0,0,0,0,0,0,0,0,0,0.699182731942,2.02983833262,42.945102415,-0.375892945732,0.00767377449111,-0.00857792248372,-0.18676674514,0.982336864492,./2010231204343010282-1-114934926.JPG,89
56,0,0,0,0,0,0,0,0,0,0,0,0,0,0,0,0.699183018504,2.02983816403,42.9196248781,-0.375626367081,0.0075942144425,-0.0085604529688,-0.186636525397,0.982362384225,./2010231204343010282-1-114935029.JPG,54
57,0,0,0,0,0,0,0,0,0,0,0,0,0,0,0,0.699183302833,2.02983798808,42.8944966458,-0.370996241335,0.00752293818199,-0.00856569703952,-0.184362127704,0.982792267015,./2010231204343010282-1-114935137.JPG,61
58,0,0,0,0,0,0,0,0,0,0,0,0,0,0,0,0.699183590533,2.02983782229,42.8681379948,-0.371754439526,0.0074932678164,-0.0085549220032,-0.184735020005,0.982722563408,./2010231204343010282-1-114935239.JPG,46
59,0,0,0,0,0,0,0,0,0,0,0,0,0,0,0,0.699183877415,2.0298376585,42.8416354656,-0.373262029439,0.00747762764742,-0.00854392166338,-0.185475990212,0.982583199298,./2010231204343010282-1-114935341.JPG,46
60,0,0,0,0,0,0,0,0,0,0,0,0,0,0,0,0.699184182922,2.02983747851,42.8133958876,-0.374295376671,0.00748481053749,-0.00854053577936,-0.185983647987,0.982487210879,./2010231204343010282-1-114935443.JPG,282
61,0,0,0,0,0,0,0,0,0,0,0,0,0,0,0,0.699184464971,2.02983730943,42.7875269847,-0.371567862929,0.00747234122507,-0.00855038302728,-0.184643528967,0.982739956589,./2010231204343010282-1-114935545.JPG,64
62,0,0,0,0,0,0,0,0,0,0,0,0,0,0,0,0.699184756001,2.0298371396,42.7600067295,-0.372477763343,0.00752135665723,-0.00855744483474,-0.185090219465,0.982655488964,./2010231204343010282-1-114935647.JPG,57
63,0,0,0,0,0,0,0,0,0,0,0,0,0,0,0,0.69918504542,2.02983697697,42.7325664908,-0.374770763372,0.00755354507637,-0.0085538994052,-0.186216578796,0.982442446428,./2010231204343010282-1-114935749.JPG,61
64,0,0,0,0,0,0,0,0,0,0,0,0,0,0,0,0.699185329239,2.02983679843,42.7065066155,-0.370082751735,0.00757390581875,-0.0085809875098,-0.183912698304,0.982875944363,./2010231204343010282-1-114935851.JPG,63
65,0,0,0,0,0,0,0,0,0,0,0,0,0,0,0,0.699185617267,2.0298366376,42.6791085107,-0.373612550505,0.00761403266395,-0.00857331926334,-0.185646970622,0.982549605365,./2010231204343010282-1-114935953.JPG,72
66,0,0,0,0,0,0,0,0,0,0,0,0,0,0,0,0.699185895486,2.02983647929,42.6526903696,-0.374925252156,0.00765337876478,-0.00857606157104,-0.186291560913,0.982427265142,./2010231204343010282-1-114936060.JPG,69
67,0,0,0,0,0,0,0,0,0,0,0,0,0,0,0,0.699186184831,2.0298363187,42.6252675029,-0.379922575959,0.00768073792139,-0.0085926616166,-0.188745442621,0.98195841578,./2010231204343010282-1-114936161.JPG,58
68,0,0,0,0,0,0,0,0,0,0,0,0,0,0,0,0.699186468748,2.0298361434,42.5996015128,-0.373524490079,0.00764711105155,-0.00861559070666,-0.185602997783,0.982557286118,./2010231204343010282-1-114936262.JPG,59
69,1,0,0,0,0,0,0,0,0,0,0,0,0,0,0,0.699186758096,2.02983598226,42.5723571908,-0.375487819952,0.00787607923631,-0.00744909086121,-0.186579511162,0.982380050915,./2010231204343010282-1-114936363.JPG,53
70,1,0,0,0,0,0,0,0,0,0,0,0,0,0,0,0.699187045101,2.02983581699,42.5449844291,-0.374604852816,0.00792533969974,-0.00746480758887,-0.186145321067,0.982461900067,./2010231204343010282-1-114936464.JPG,374
71,1,0,0,0,0,0,0,0,0,0,0,0,0,0,0,0.699187328899,2.02983564491,42.5202746084,-0.371468598638,0.00781327097091,-0.00745321878102,-0.184605135252,0.982753451464,./2010231204343010282-1-114936565.JPG,69
72,0,0,0,0,0,0,0,0,0,0,0,0,0,0,0,0.699187613379,2.02983547363,42.4944776818,-0.369183109891,0.00729298548777,-0.0100748189654,-0.18345490965,0.9829494425,./2010231204343010282-1-114936666.JPG,55
73,0,0,0,0,0,0,0,0,0,0,0,0,0,0,0,0.699187900602,2.02983530629,42.468457534,-0.368635827054,0.00724266675617,-0.0100654288763,-0.183186440609,0.982999979093,./2010231204343010282-1-114936767.JPG,60
74,0,0,0,0,0,0,0,0,0,0,0,0,0,0,0,0.699188188131,2.02983514464,42.4416689519,-0.372407849419,0.00724123772228,-0.0100468230991,-0.185040312389,0.98265289325,./2010231204343010282-1-114936868.JPG,61
75,1,0,0,0,0,0,0,0,0,0,0,0,0,0,0,0.699188476185,2.02983498449,42.4147403445,-0.378556784329,0.00724755160041,-0.0100186981935,-0.188060883991,0.982079529669,./2010231204343010282-1-114936969.JPG,54
76,1,0,0,0,0,0,0,0,0,0,0,0,0,0,0,0.699188761435,2.02983480903,42.3886740729,-0.371408887704,0.00773733198649,-0.0073754837986,-0.184577072917,0.982759909686,./2010231204343010282-1-114937078.JPG,58
77,1,0,0,0,0,0,0,0,0,0,0,0,0,0,0,0.699189051548,2.02983464977,42.3613053141,-0.376655674115,0.00775809152105,-0.00735533729082,-0.187154833386,0.982272253181,./2010231204343010282-1-114937179.JPG,67
78,1,0,0,0,0,0,0,0,0,0,0,0,0,0,0,0.699189337213,2.02983448065,42.3346385779,-0.375412457046,0.00778048172207,-0.00736632250958,-0.186543936704,0.982388192659,./2010231204343010282-1-114937280.JPG,56
79,1,0,0,0,0,0,0,0,0,0,0,0,0,0,0,0.699189620103,2.02983430406,42.3077327795,-0.371147745302,0.00787129923752,-0.007407966928,-0.18444765581,0.98278289919,./2010231204343010282-1-114937381.JPG,48
80,0,0,0,0,0,0,0,0,0,0,0,0,0,0,0,0.699189905914,2.02983413744,42.2810561666,-0.370675602088,0.00738009842345,-0.0101094428313,-0.184187269289,0.98281146877,./2010231204343010282-1-114937482.JPG,408
81,0,0,0,0,0,0,0,0,0,0,0,0,0,0,0,0.699190195808,2.02983397777,42.2535491167,-0.374196701828,0.0074025012862,-0.0100973713119,-0.185917258313,0.982485633039,./2010231204343010282-1-114937583.JPG,62
82,0,0,0,0,0,0,0,0,0,0,0,0,0,0,0,0.699190481552,2.02983380808,42.2270601364,-0.371752571083,0.00741044668384,-0.0101110777349,-0.184716214033,0.98271194745,./2010231204343010282-1-114937684.JPG,67
83,0,0,0,0,0,0,0,0,0,0,0,0,0,0,0,0.699190769461,2.02983364219,42.2002541516,-0.373383078218,0.0079369774558,-0.00736194762888,-0.185546181332,0.982575910914,./2010231204343010282-1-114937785.JPG,84
84,0,0,0,0,0,0,0,0,0,0,0,0,0,0,0,0.699191092478,2.02983346047,42.1699698279,-0.375225375046,0.00794505652672,-0.00735475571169,-0.186451284731,0.982404551123,./2010231204343010282-1-114937886.JPG,57
85,0,0,0,0,0,0,0,0,0,0,0,0,0,0,0,0.699191384165,2.02983330312,42.142630171,-0.377798659376,0.00792453267141,-0.00733746399161,-0.187715502488,0.982164066503,./2010231204343010282-1-114937987.JPG,63
86,0,0,0,0,0,0,0,0,0,0,0,0,0,0,0,0.699191666801,2.02983312276,42.1183396652,-0.37050824452,0.00780793571796,-0.00734511983562,-0.184134430663,0.98284261039,./2010231204343010282-1-114938091.JPG,58
87,0,0,0,0,0,0,0,0,0,0,0,0,0,0,0,0.699191953329,2.02983294923,42.0923670223,-0.364833255779,0.00743286312831,-0.00915595194065,-0.18132647633,0.983352241098,./2010231204343010282-1-114938191.JPG,58
88,0,0,0,0,0,0,0,0,0,0,0,0,0,0,0,0.699192243084,2.02983279083,42.0643121935,-0.367325492122,0.00749394224547,-0.00915843114213,-0.182551270589,0.983125117966,./2010231204343010282-1-114938291.JPG,55
89,0,0,0,0,0,0,0,1,0,0,0,0,0,0,0,0.6991925316,2.02983262929,42.0357880685,-0.36881351108,0.00761619592608,-0.00918027240419,-0.183281562534,0.982988089955,./2010231204343010282-1-114938391.JPG,52
90,0,0,0,0,0,0,0,0,0,0,0,0,0,0,0,0.6991928259,2.02983245799,42.0081588617,-0.368073010366,0.00764273758009,-0.00919009063869,-0.18291728267,0.983055643642,./2010231204343010282-1-114938491.JPG,407
91,0,0,0,0,0,0,0,0,0,0,0,0,0,0,0,0.699193111705,2.02983228515,41.9815104948,-0.362342195648,0.00778819956269,-0.00854781880834,-0.180106181499,0.983579199723,./2010231204343010282-1-114938591.JPG,64
92,0,0,0,0,0,0,0,0,0,0,0,0,0,0,0,0.699193402742,2.0298321315,41.9544026125,-0.36865293226,0.00775244424946,-0.00850816196779,-0.183209642628,0.983006478939,./2010231204343010282-1-114938691.JPG,74
93,0,0,0,0,0,0,0,0,0,0,0,0,0,0,0,0.699193691254,2.02983196954,41.9276822545,-0.369432384648,0.00772693776039,-0.00849814855188,-0.183593027861,0.982935234909,./2010231204343010282-1-114938791.JPG,75
94,0,0,0,0,0,0,0,0,0,0,0,0,0,0,0,0.699193975683,2.02983179599,41.9018272115,-0.364302170237,0.00770194405391,-0.00851701775397,-0.181070946661,0.983402996102,./2010231204343010282-1-114938891.JPG,98
95,0,0,0,0,0,0,0,0,0,0,0,0,0,0,0,0.699194264614,2.02983163436,41.8747683195,-0.363710605574,0.00777819542597,-0.00804950908031,-0.180784956609,0.983458949089,./2010231204343010282-1-114938991.JPG,69
96,0,0,0,0,0,0,0,0,0,0,0,0,0,0,0,0.699194549831,2.02983147247,41.8481694916,-0.362801271343,0.00776887685638,-0.00805152590689,-0.18033780715,0.983541098681,./2010231204343010282-1-114939092.JPG,66
97,0,0,0,0,0,0,0,0,0,0,0,0,0,0,0,0.699194838735,2.02983131367,41.8200010089,-0.365517527391,0.00785086890477,-0.00805777978451,-0.181672899457,0.983294662675,./2010231204343010282-1-114939191.JPG,60
98,0,0,0,0,0,0,0,0,0,0,0,0,0,0,0,0.699195123269,2.02983114187,41.792916676,-0.359274780347,0.00777405170992,-0.00885094300092,-0.178593932504,0.983852342682,./2010231204343010282-1-114939290.JPG,61
99,0,0,0,0,0,0,0,0,0,0,0,0,0,0,0,0.699195417357,2.02983099601,41.7635649536,-0.368341869901,0.00786114367475,-0.00882660920864,-0.183052264494,0.983032126562,./2010231204343010282-1-114939389.JPG,47
100,0,0,0,0,0,0,0,0,0,0,0,0,0,0,0,0.69919570107,2.02983082249,41.7371956967,-0.362552706217,0.00788381251212,-0.00886075009542,-0.180205374983,0.983557499811,./2010231204343010282-1-114939488.JPG,380
101,1,0,0,0,0,0,0,0,0,0,0,0,0,0,0,0.699195986089,2.02983065368,41.7117448049,-0.359535869103,0.00780892341545,-0.00885759883787,-0.178722053803,0.983828740758,./2010231204343010282-1-114939587.JPG,63
102,1,0,0,0,0,0,0,0,0,0,0,0,0,0,0,0.699196274439,2.02983049147,41.6845605327,-0.362108379134,0.00772165198914,-0.00944946692624,-0.179980930112,0.983594402415,./2010231204343010282-1-114939686.JPG,86
103,1,0,0,0,0,0,0,0,0,0,0,0,0,0,0,0.699196571454,2.02983032371,41.6563725406,-0.364594769787,0.00776145273965,-0.0094463677145,-0.181203364456,0.983369649063,./2010231204343010282-1-114939785.JPG,61
104,0,0,0,0,0,0,0,0,0,0,0,0,0,0,0,0.699196859646,2.02983016077,41.6279586926,-0.367047165956,0.00788563756616,-0.00946330778933,-0.182407944923,0.983145769535,./2010231204343010282-1-114939884.JPG,81
105,1,0,0,0,0,0,0,0,0,0,0,0,0,0,0,0.699197147126,2.02982999255,41.6009620205,-0.365295006514,0.00791286395628,-0.00947848032331,-0.181546149867,0.983304907169,./2010231204343010282-1-114939983.JPG,97
106,1,0,0,0,0,0,0,0,0,0,0,0,0,0,0,0.699197431954,2.02982982213,41.5745867016,-0.3640570039,0.00824762974851,-0.00776860945381,-0.180955767917,0.983425968423,./2010231204343010282-1-114940091.JPG,53
107,1,0,0,0,0,0,0,0,0,0,0,0,0,0,0,0.699197718333,2.02982965313,41.5482340651,-0.363918042518,0.00824517341003,-0.00776855923941,-0.18088744946,0.983438557934,./2010231204343010282-1-114940190.JPG,51
108,1,0,0,0,0,0,0,0,0,0,0,0,0,0,0,0.699198008114,2.02982949676,41.5209386842,-0.367976008189,0.00824132342498,-0.00774696727729,-0.182882836539,0.983069648187,./2010231204343010282-1-114940289.JPG,50
109,1,0,0,0,0,0,0,0,0,0,0,0,0,0,0,0.699198280886,2.02982933804,41.4958012346,-0.36776354763,0.00777462006007,-0.0101955613482,-0.182751828189,0.983075467655,./2010231204343010282-1-114940388.JPG,45
110,0,0,0,0,0,0,0,0,0,0,0,0,0,0,0,0.699198566778,2.02982917243,41.4703463353,-0.366924644951,0.00768656368692,-0.010178814659,-0.182340370697,0.983152733651,./2010231204343010282-1-114940487.JPG,377
111,0,0,0,0,0,0,0,0,0,0,0,0,0,0,0,0.699198855092,2.02982901072,41.4438306335,-0.366734581388,0.00764202371498,-0.0101690584847,-0.182247417378,0.983170416857,./2010231204343010282-1-114940586.JPG,52
112,0,0,0,0,0,0,0,0,0,0,0,0,0,0,0,0.699199141728,2.02982884635,41.4174560402,-0.367213130898,0.00761882693,-0.0101610030733,-0.182482949775,0.983126991052,./2010231204343010282-1-114940685.JPG,76
113,0,0,0,0,0,0,0,0,0,0,0,0,0,0,0,0.699199430729,2.02982868078,41.3903414812,-0.367362030629,0.00816843036389,-0.0072933627479,-0.18258666475,0.983128777659,./2010231204343010282-1-114940784.JPG,66
114,0,0,0,0,0,0,0,0,0,0,0,0,0,0,0,0.699199717376,2.02982851252,41.3638755484,-0.363744644667,0.0081509445327,-0.00730694127261,-0.180808029452,0.983457486218,./2010231204343010282-1-114940883.JPG,71
115,0,0,0,0,0,0,0,0,0,0,0,0,0,0,0,0.699200002332,2.02982834304,41.3376629716,-0.360780128229,0.00813972571442,-0.00731876353497,-0.179349940066,0.983724442903,./2010231204343010282-1-114940982.JPG,89
116,0,0,0,0,0,0,0,0,0,0,0,0,0,0,0,0.699200284886,2.02982818692,41.3109584451,-0.361819833236,0.00814826475399,-0.00731551077223,-0.179861326191,0.983631024533,./2010231204343010282-1-114941081.JPG,56
117,0,0,0,0,0,0,0,0,0,0,0,0,0,0,0,0.69920057255,2.02982802047,41.2842616662,-0.36064857594,0.00786461132352,-0.00884493827023,-0.179269170131,0.983728864879,./2010231204343010282-1-114941180.JPG,71
118,0,0,0,0,0,0,0,0,0,0,0,0,0,0,0,0.699200862051,2.02982786209,41.2568684947,-0.362116240018,0.00786934501662,-0.00883858136316,-0.17999108149,0.983597053408,./2010231204343010282-1-114941284.JPG,61
119,0,0,0,0,0,0,0,0,0,0,0,0,0,0,0,0.699201150655,2.02982770287,41.2290505506,-0.366475374126,0.00793305663322,-0.00883189112396,-0.182134190764,0.983202014271,./2010231204343010282-1-114941381.JPG,52
120,0,0,0,0,0,0,0,0,0,0,0,0,0,0,0,0.699201436364,2.0298275331,41.2029990191,-0.362665150907,0.00790188477467,-0.0088433672131,-0.18026075906,0.983547362264,./2010231204343010282-1-114941478.JPG,320
121,0,0,0,0,0,0,0,0,0,0,0,0,0,0,0,0.69920172274,2.02982736646,41.176932496,-0.361344392479,0.00788625818892,-0.00870162547598,-0.179612974129,0.983667254802,./2010231204343010282-1-114941575.JPG,85
122,1,0,0,0,0,0,0,0,0,0,0,0,0,0,0,0.699202012738,2.02982720992,41.1502700485,-0.366691670067,0.00783764987059,-0.0086633439087,-0.182243171663,0.983184084543,./2010231204343010282-1-114941672.JPG,68
123,1,0,0,0,0,0,0,0,0,0,0,0,0,0,0,0.69920228645,2.02982704657,41.1257239021,-0.363660389541,0.00778110786917,-0.00866471227539,-0.180753115815,0.983459550894,./2010231204343010282-1-114941769.JPG,71
124,1,0,0,0,0,0,0,0,0,0,0,0,0,0,0,0.699202572777,2.02982688332,41.1006247597,-0.363469159162,0.00765423215433,-0.0086352408849,-0.180660266028,0.983477866362,./2010231204343010282-1-114941866.JPG,93
125,1,0,0,0,0,0,0,1,0,0,0,0,0,0,0,0.699202859241,2.02982671738,41.0742222266,-0.363882305653,0.00732843846523,-0.0103408943424,-0.180845518039,0.983429844218,./2010231204343010282-1-114941963.JPG,68
126,1,0,0,0,0,0,0,0,0,0,0,0,0,0,0,0.699203148208,2.02982655595,41.0475423979,-0.365897796026,0.00729944255564,-0.0103238429121,-0.181836924745,0.983247409966,./2010231204343010282-1-114942060.JPG,81
127,0,0,0,0,0,0,0,0,0,0,0,0,0,0,0,0.699203435809,2.02982639305,41.0211486602,-0.367913818787,0.00735278454755,-0.0103266304383,-0.182827488259,0.983063277109,./2010231204343010282-1-114942157.JPG,64
128,0,0,0,0,0,0,0,0,0,0,0,0,0,0,0,0.699203721241,2.02982622393,40.9948337758,-0.365562922579,0.00741429328646,-0.0103528741563,-0.181670986376,0.983276918757,./2010231204343010282-1-114942261.JPG,62
129,0,0,0,0,0,0,0,0,0,0,0,0,0,0,0,0.699204007752,2.02982605728,40.9677385818,-0.363699613421,0.00792051197621,-0.00750532015925,-0.18078489568,0.983462127971,./2010231204343010282-1-114942358.JPG,48
130,0,0,0,0,0,0,0,0,0,0,0,0,0,0,0,0.699204301997,2.02982590704,40.9378670556,-0.368735292754,0.00794137877317,-0.00748566975754,-0.183260747145,0.983003762865,./2010231204343010282-1-114942455.JPG,272
131,0,0,0,0,0,0,0,0,0,0,0,0,0,0,0,0.69920458664,2.02982573496,40.9109976683,-0.366370948439,0.00781797784001,-0.00746742641996,-0.182099368962,0.983220695769,./2010231204343010282-1-114942552.JPG,60
132,0,0,0,0,0,0,0,0,0,0,0,0,0,0,0,0.699204871164,2.0298255656,40.8834057488,-0.362477712606,0.00765741309678,-0.0074471584403,-0.180186097047,0.983574539263,./2010231204343010282-1-114942649.JPG,60
133,0,0,0,0,0,0,0,0,0,0,0,0,0,0,0,0.69920515742,2.02982539427,40.8564851973,-0.359011825951,0.00700811799164,-0.00906009670965,-0.178467539698,0.983879127842,./2010231204343010282-1-114942746.JPG,56
134,1,0,0,0,0,0,0,0,0,0,0,0,0,0,0,0.6992054459,2.02982523063,40.8273015022,-0.359023951426,0.00677878257417,-0.00900473292471,-0.178475762757,0.983879751291,./2010231204343010282-1-114942843.JPG,67
135,0,0,0,0,0,0,0,1,0,0,0,0,0,0,0,0.699205735338,2.02982506842,40.7975353766,-0.359802523474,0.00658885483277,-0.00895549881809,-0.178860657246,0.983811593407,./2010231204343010282-1-114942940.JPG,66
136,0,0,0,0,0,0,0,0,0,0,0,0,0,0,0,0.699206024333,2.02982490347,40.7684242213,-0.35872394338,0.00635034738029,-0.00890265978139,-0.178332334446,0.983909545755,./2010231204343010282-1-114943037.JPG,60
137,0,0,0,0,0,0,0,0,0,0,0,0,0,0,0,0.699206317835,2.02982474114,40.7369142696,-0.361275651117,0.00633457278272,-0.00772552599046,-0.179599654838,0.983689053216,./2010231204343010282-1-114943136.JPG,72
138,0,0,0,0,0,0,0,0,0,0,0,0,0,0,0,0.699206608952,2.02982458747,40.7047243528,-0.36623720021,0.00634127864722,-0.00770672040597,-0.18203959749,0.983240550217,./2010231204343010282-1-114943233.JPG,80
139,0,0,0,0,0,0,0,0,0,0,0,0,0,0,0,0.699206896795,2.02982442776,40.6723246137,-0.368914453891,0.00636515055727,-0.00770121953212,-0.183355561002,0.982995887237,./2010231204343010282-1-114943330.JPG,49
140,0,0,0,0,0,0,0,0,0,0,0,0,0,0,0,0.699207182882,2.02982425844,40.6424725605,-0.368201407611,0.00638617378347,-0.00770886268586,-0.183004880323,0.983061037779,./2010231204343010282-1-114943427.JPG,351
141,0,0,0,0,0,0,0,0,0,0,0,0,0,0,0,0.699207468844,2.02982409287,40.6118422467,-0.368436356912,0.00614169092037,-0.00958012582706,-0.183102600124,0.983027943982,./2010231204343010282-1-114943524.JPG,76
142,0,0,0,0,0,0,0,0,0,0,0,0,0,0,0,0.699207756763,2.0298239233,40.5862739412,-0.367503695797,0.00612876070803,-0.00958078207634,-0.182644261061,0.983113279744,./2010231204343010282-1-114943621.JPG,70
143,0,0,0,0,0,0,0,0,0,0,0,0,0,0,0,0.699208042231,2.02982375882,40.5605582139,-0.36892839039,0.00613542408579,-0.00957621754416,-0.183344524571,0.98298292861,./2010231204343010282-1-114943718.JPG,75
144,0,0,0,0,0,0,0,0,0,0,0,0,0,0,0,0.699208337849,2.02982358726,40.5338899717,-0.369732949596,0.00629998479598,-0.00875374902442,-0.183747484687,0.982914311596,./2010231204343010282-1-114943815.JPG,62
145,0,0,0,0,0,0,0,0,0,0,0,0,0,0,0,0.699208625461,2.0298234259,40.5075343931,-0.371227744848,0.00632532202527,-0.00875335700779,-0.18448189364,0.982776576828,./2010231204343010282-1-114943912.JPG,63
146,0,0,0,0,0,0,0,0,0,0,0,0,0,0,0,0.699208908346,2.02982324613,40.4824804021,-0.365861053062,0.0063309364528,-0.00877715395798,-0.181843799214,0.983267874742,./2010231204343010282-1-114944009.JPG,57
147,0,0,0,0,0,0,0,0,0,0,0,0,0,0,0,0.699209199062,2.02982308977,40.4554411462,-0.371968467835,0.00637855761877,-0.00876258306146,-0.184845399677,0.982707845374,./2010231204343010282-1-114944106.JPG,60
148,0,0,0,0,0,0,0,0,0,0,0,0,0,0,0,0.699209483683,2.02982291817,40.4298467124,-0.369441955736,0.00658076718893,-0.00777220991842,-0.18361281796,0.982945888306,./2010231204343010282-1-114944203.JPG,60
149,0,0,0,0,0,0,0,0,0,0,0,0,0,0,0,0.699209770735,2.02982274965,40.4026386272,-0.368684344347,0.0065565448732,-0.0077694610411,-0.183240624952,0.983015524069,./2010231204343010282-1-114944306.JPG,45
150,0,0,0,0,0,0,0,0,0,0,0,0,0,0,0,0.699210058581,2.02982258605,40.3758616718,-0.371445976777,0.0065789344157,-0.0077630099909,-0.18459777361,0.982761474253,./2010231204343010282-1-114944403.JPG,349
151,0,0,0,0,0,0,0,0,0,0,0,0,0,0,0,0.699210312351,2.02982243868,40.3532114262,-0.372839364508,0.00670799326231,-0.00778753321448,-0.185281404098,0.982631751191,./2010231204343010282-1-114944500.JPG,76
152,0,0,0,0,0,0,0,0,0,0,0,0,0,0,0,0.699210596171,2.02982226807,40.3283877717,-0.370846829596,0.00702084183817,-0.00713437181667,-0.184307298022,0.982817698464,./2010231204343010282-1-114944597.JPG,63
153,0,0,0,0,0,0,0,0,0,0,0,0,0,0,0,0.699210883402,2.02982209917,40.3062476404,-0.369674738966,0.00717682994417,-0.00717641059618,-0.183730001633,0.982924350468,./2010231204343010282-1-114944694.JPG,65
154,0,0,0,0,0,0,0,0,0,0,0,0,0,0,0,0.69921117326,2.0298219383,40.2850201363,-0.373139252142,0.00737626351909,-0.00720793548619,-0.185431070789,0.982603152035,./2010231204343010282-1-114944791.JPG,72
155,0,0,0,0,0,0,0,0,0,0,0,0,0,0,0,0.699211458392,2.02982176787,40.2669630079,-0.371556976249,0.00739263811275,-0.00721883670295,-0.184653402669,0.982749387271,./2010231204343010282-1-114944888.JPG,66
156,0,0,0,0,0,0,0,0,0,0,0,0,0,0,0,0.699211745887,2.02982160382,40.2481040386,-0.373755197966,0.00756264803107,-0.00728998897449,-0.185731809698,0.982544328405,./2010231204343010282-1-114944985.JPG,64
157,0,0,0,0,0,0,0,0,0,0,0,0,0,0,0,0.699212032745,2.02982143633,40.2300619939,-0.374149686052,0.00764987343988,-0.00730837831189,-0.185924947032,0.982506987819,./2010231204343010282-1-114945082.JPG,81
158,0,0,0,0,0,0,0,0,0,0,0,0,0,0,0,0.699212304812,2.02982127749,40.2131481906,-0.373073659463,0.00771347010631,-0.00732815490333,-0.185395734963,0.98260634131,./2010231204343010282-1-114945179.JPG,58
159,0,0,0,0,0,0,0,0,0,0,0,0,0,0,0,0.699212589635,2.0298211075,40.1957177911,-0.371485509521,0.00789699228285,-0.00670827532052,-0.184621230898,0.982755125989,./2010231204343010282-1-114945277.JPG,61
160,0,0,0,0,0,0,0,0,0,0,0,0,0,0,0,0.699212872498,2.02982093831,40.1775674401,-0.368933027565,0.00802495149328,-0.00675084118838,-0.183365699936,0.982988833296,./2010231204343010282-1-114945372.JPG,313
161,0,0,0,0,0,0,0,0,0,0,0,0,0,0,0,0.699213161777,2.02982077286,40.1594615318,-0.369396077504,0.00808928589567,-0.00676381828926,-0.183592841508,0.982945818834,./2010231204343010282-1-114945467.JPG,75
162,0,0,0,0,0,0,0,0,0,0,0,0,0,0,0,0.69921344658,2.02982060456,40.14193865,-0.369333987218,0.00815609222862,-0.00677992344616,-0.183561823447,0.982950948812,./2010231204343010282-1-114945562.JPG,66
163,0,0,0,0,0,0,0,0,0,0,0,0,0,0,0,0.699213735088,2.02982044364,40.1248943303,-0.372365524694,0.00825185627357,-0.00608880718429,-0.185058801737,0.982673940427,./2010231204343010282-1-114945657.JPG,62
164,0,0,0,0,0,0,0,0,0,0,0,0,0,0,0,0.699214019658,2.02982027401,40.1080836542,-0.369661830834,0.00826262148303,-0.00610432519849,-0.18372990809,0.98292308304,./2010231204343010282-1-114945752.JPG,73
165,0,0,0,0,0,0,0,0,0,0,0,0,0,0,0,0.699214324399,2.02982009352,40.0903013004,-0.366639996824,0.00825015817462,-0.00611585724935,-0.182244414128,0.983199626068,./2010231204343010282-1-114945847.JPG,64
166,0,0,0,0,0,0,0,0,0,0,0,0,0,0,0,0.699214612831,2.02981992809,40.0727169896,-0.368995515708,0.00828635983477,-0.00611289536344,-0.183402215693,0.982984026335,./2010231204343010282-1-114945942.JPG,65
167,0,0,0,0,0,0,0,0,0,0,0,0,0,0,0,0.699214899892,2.02981976505,40.0550034484,-0.368917221145,0.00833287336417,-0.006067134131,-0.183364036843,0.982991039175,./2010231204343010282-1-114946037.JPG,49
168,0,0,0,0,0,0,0,0,0,0,0,0,0,0,0,0.699215185274,2.02981959001,40.0386002231,-0.364813075425,0.00833004907521,-0.00608635226716,-0.181346150802,0.983365212008,./2010231204343010282-1-114946132.JPG,62
169,0,0,0,0,0,0,0,0,0,0,0,0,0,0,0,0.699215476623,2.02981943642,40.0196596431,-0.370764992693,0.00839867598395,-0.00607322671683,-0.184271852647,0.982820666491,./2010231204343010282-1-114946227.JPG,42
170,0,0,0,0,0,0,0,0,0,0,0,0,0,0,0,0.699215759513,2.02981926568,40.003634559,-0.368804960705,0.00836956899575,-0.00607584377445,-0.183308610319,0.983001011098,./2010231204343010282-1-114946324.JPG,418
171,0,0,0,0,0,0,0,0,0,0,0,0,0,0,0,0.699216045695,2.0298191011,39.9870467717,-0.368086471538,0.00844018462433,-0.00547705247679,-0.182961637461,0.983068565461,./2010231204343010282-1-114946418.JPG,73
172,0,0,0,0,0,0,0,0,0,0,0,0,0,0,0,0.699216340262,2.02981893671,39.9702162817,-0.371601784286,0.0083684382789,-0.00544296749695,-0.184689992938,0.982746126858,./2010231204343010282-1-114946512.JPG,59
173,0,0,0,0,0,0,0,0,0,0,0,0,0,0,0,0.69921662693,2.02981876591,39.9545281455,-0.3693153967,0.00828119456073,-0.00543327733258,-0.183566736775,0.982957351294,./2010231204343010282-1-114946606.JPG,73
174,0,0,0,0,0,0,0,0,0,0,0,0,0,0,0,0.699216913419,2.02981859448,39.9389645336,-0.366587684689,0.00817900844379,-0.00546514114076,-0.182225896384,0.983207485092,./2010231204343010282-1-114946700.JPG,119
175,0,0,0,0,0,0,0,0,0,0,0,0,0,0,0,0.699217202222,2.02981843644,39.9214571929,-0.371449154152,0.00796291579798,-0.00539057618029,-0.184616976252,0.982763504481,./2010231204343010282-1-114946794.JPG,53
176,0,0,0,0,0,0,0,0,0,0,0,0,0,0,0,0.69921748952,2.02981826519,39.9060900612,-0.368922610506,0.0079059971989,-0.00538849633404,-0.183375478682,0.982996385107,./2010231204343010282-1-114946888.JPG,60
177,0,0,0,0,0,0,0,0,0,0,0,0,0,0,0,0.699217777467,2.02981810106,39.8903190559,-0.371783757768,0.00777998031299,-0.00534526426001,-0.184782511824,0.982734106145,./2010231204343010282-1-114946982.JPG,61
178,0,0,0,0,0,0,0,0,0,0,0,0,0,0,0,0.699218063482,2.02981793175,39.8769973367,-0.370735822118,0.00790163021631,-0.00461212674029,-0.184274382547,0.982832256524,./2010231204343010282-1-114947076.JPG,55
179,0,0,0,0,0,0,0,0,0,0,0,0,0,0,0,0.699218355445,2.02981775783,39.8666318087,-0.369386309606,0.00789301787701,-0.00461599165921,-0.183611112689,0.982956434532,./2010231204343010282-1-114947170.JPG,50
180,0,0,0,0,0,0,0,0,0,0,0,0,0,0,0,0.699218642897,2.02981759332,39.8560687229,-0.372716135963,0.00793619382041,-0.00461102729567,-0.185247425362,0.982649045515,./2010231204343010282-1-114947272.JPG,409
181,0,0,0,0,0,0,0,0,0,0,0,0,0,0,0,0.699218927214,2.02981742641,39.8495862074,-0.372073295771,0.00802297259048,-0.0046341939571,-0.184931076678,0.982707816717,./2010231204343010282-1-114947366.JPG,62
182,0,0,0,0,0,0,0,0,0,0,0,0,0,0,0,0.699219215541,2.02981726112,39.842438939,-0.375563128638,0.00812111913236,-0.00466831435243,-0.186645034075,0.982382759173,./2010231204343010282-1-114947460.JPG,70
183,0,0,0,0,0,0,0,0,0,0,0,0,0,0,0,0.699219498821,2.02981708563,39.835781958,-0.372075675137,0.00825801647214,-0.00471645674874,-0.184930747754,0.982705540197,./2010231204343010282-1-114947554.JPG,70
184,0,0,0,0,0,0,0,0,0,0,0,0,0,0,0,0.699219785836,2.02981691884,39.8271344518,-0.371362355021,0.00848794234669,-0.00477385293564,-0.184578963601,0.982769439573,./2010231204343010282-1-114947648.JPG,58
185,0,0,0,0,0,0,0,0,0,0,0,0,0,0,0,0.699220073958,2.02981674922,39.8183831517,-0.371943393525,0.00874043334503,-0.0048303568336,-0.18486316246,0.982713530813,./2010231204343010282-1-114947742.JPG,62
186,0,0,0,0,0,0,0,0,0,0,0,0,0,0,0,0.699220372751,2.02981658139,39.810075203,-0.374882987264,0.00901507263299,-0.00419932390226,-0.186313434473,0.982440022739,./2010231204343010282-1-114947836.JPG,62
187,0,0,0,0,0,0,0,0,0,0,0,0,0,0,0,0.699220658441,2.02981641484,39.8029134832,-0.376179808103,0.00913441550082,-0.00422094534261,-0.186949975084,0.982317898081,./2010231204343010282-1-114947930.JPG,63
188,0,0,0,0,0,0,0,0,0,0,0,0,0,0,0,0.699220943724,2.02981624166,39.7977868011,-0.373852877399,0.0091304043603,-0.00423162699921,-0.185806749215,0.982534773428,./2010231204343010282-1-114948024.JPG,60
189,0,0,0,0,0,0,0,0,0,0,0,0,0,0,0,0.699221230595,2.02981607186,39.7920867316,-0.373585769254,0.00914967040692,-0.00421144744706,-0.185675685489,0.982559457265,./2010231204343010282-1-114948118.JPG,55
190,0,0,0,0,0,0,0,0,0,0,0,0,0,0,0,0.69922151508,2.02981590633,39.7881712383,-0.374601244182,0.00900554017087,-0.00417250087868,-0.186175326635,0.982466405652,./2010231204343010282-1-114948212.JPG,457
191,0,0,0,0,0,0,0,0,0,0,0,0,0,0,0,0.69922179966,2.02981573798,39.7840563962,-0.374497013738,0.00889352954709,-0.00414671104561,-0.186124642488,0.982477138349,./2010231204343010282-1-114948317.JPG,69
192,0,0,0,0,0,0,0,0,0,0,0,0,0,0,0,0.699222086993,2.02981556956,39.7791118091,-0.374124766224,0.00883396869441,-0.0041344692896,-0.185942022518,0.982512305991,./2010231204343010282-1-114948411.JPG,55
193,0,0,0,0,0,0,0,0,0,0,0,0,0,0,0,0.699222364357,2.02981540308,39.7737931237,-0.371558620829,0.00909716057474,-0.00279758652497,-0.184694186543,0.982749954279,./2010231204343010282-1-114948505.JPG,59
194,0,0,0,0,0,0,0,0,0,0,0,0,0,0,0,0.699222652266,2.0298152421,39.7670002831,-0.374096332028,0.009143752753,-0.00279580863079,-0.185941087349,0.982514370009,./2010231204343010282-1-114948599.JPG,79
195,0,0,0,0,0,0,0,0,0,0,0,0,0,0,0,0.699222936779,2.02981506578,39.7618310452,-0.367299072035,0.00915550951541,-0.00283170558526,-0.182600151608,0.983140550848,./2010231204343010282-1-114948693.JPG,52
196,0,0,0,0,0,0,0,0,0,0,0,0,0,0,0,0.69922322673,2.02981490585,39.7542766137,-0.369838204046,0.00924667465303,-0.00284031293655,-0.183848098588,0.98290707001,./2010231204343010282-1-114948787.JPG,79
197,0,0,0,0,0,0,0,0,0,0,0,0,0,0,0,0.69922351163,2.02981473882,39.7486486379,-0.368166616148,0.00936201827889,-0.00221730104365,-0.183032530536,0.983059778933,./2010231204343010282-1-114948881.JPG,60
198,0,0,0,0,0,0,0,0,0,0,0,0,0,0,0,0.699223800209,2.02981457553,39.742466473,-0.369023155648,0.00936628167973,-0.00221391361511,-0.183453598586,0.982981255426,./2010231204343010282-1-114948975.JPG,70
199,0,0,0,0,0,0,0,0,0,0,0,0,0,0,0,0.699224090942,2.02981441469,39.7361061666,-0.373795282427,0.00936714709808,-0.00219036670445,-0.185798975625,0.982540685929,./2010231204343010282-1-114949069.JPG,49
200,0,0,0,0,0,0,0,0,0,0,0,0,0,0,0,0.699224385784,2.02981422875,39.7321572527,-0.367404174272,0.00878514114121,-0.00489242794941,-0.182631340203,0.983130041764,./2010231204343010282-1-114949163.JPG,559
201,0,0,0,0,0,0,0,0,0,0,0,0,0,0,0,0.699224674292,2.02981406672,39.726517735,-0.367036907952,0.00873441475855,-0.00488205596864,-0.182451049673,0.983164019888,./2010231204343010282-1-114949260.JPG,60
202,0,0,0,0,0,0,0,0,0,0,0,0,0,0,0,0.699224964028,2.0298139044,39.7200652231,-0.369371774487,0.00858681297416,-0.00483550400672,-0.18359972485,0.982951690359,./2010231204343010282-1-114949353.JPG,73
203,0,0,0,0,0,0,0,0,0,0,0,0,0,0,0,0.699225249476,2.02981373455,39.7146508778,-0.366164588138,0.00848108095599,-0.00482581489656,-0.182023530173,0.983245756278,./2010231204343010282-1-114949446.JPG,83
204,0,0,0,0,0,0,0,0,0,0,0,0,0,0,0,0.699225539591,2.029813573,39.7102238461,-0.367394051891,0.00910753511285,-0.00112630248087,-0.182662955521,0.983132762615,./2010231204343010282-1-114949539.JPG,65
205,0,0,0,0,0,0,0,0,0,0,0,0,0,0,0,0.699225825888,2.02981340506,39.7059144536,-0.365355860086,0.00915632900665,-0.00114759129211,-0.181660703672,0.983317971673,./2010231204343010282-1-114949632.JPG,63
206,0,0,0,0,0,0,0,0,0,0,0,0,0,0,0,0.699226114674,2.02981324581,39.7035469236,-0.368336294898,0.00917447373206,-0.00113776222335,-0.183126080932,0.983045966886,./2010231204343010282-1-114949725.JPG,62
207,0,0,0,0,0,0,0,0,0,0,0,0,0,0,0,0.699226377625,2.02981308416,39.7038566498,-0.363400209621,0.00905245485099,-0.00151446632385,-0.180695660122,0.98349623175,./2010231204343010282-1-114949818.JPG,62
208,0,0,0,0,0,0,0,0,0,0,0,0,0,0,0,0.699226667792,2.02981292603,39.7048182869,-0.366453967448,0.00884130771926,-0.00277794343451,-0.18218552271,0.983220498984,./2010231204343010282-1-114949911.JPG,59
209,0,0,0,0,0,0,0,0,0,0,0,0,0,0,0,0.699226952897,2.02981275651,39.7077194853,-0.363375425133,0.00889144458557,-0.00280436663844,-0.180671430265,0.98349931979,./2010231204343010282-1-114950004.JPG,56
210,0,0,0,0,0,0,0,0,0,0,0,0,0,0,0,0.699227241531,2.02981259034,39.7098384649,-0.362913159554,0.00890085328783,-0.00280866091742,-0.180444035669,0.98354096825,./2010231204343010282-1-114950097.JPG,469
211,0,0,0,0,0,0,0,0,0,0,0,0,0,0,0,0.699227528752,2.02981242993,39.7116702124,-0.365124714196,0.00891856212065,-0.00280212511795,-0.181531638656,0.983340669103,./2010231204343010282-1-114950190.JPG,63
212,0,0,0,0,0,0,0,0,0,0,0,0,0,0,0,0.699227815459,2.02981226779,39.7144369408,-0.365133912825,0.00910237505768,-0.0015011991937,-0.181548338176,0.983338748385,./2010231204343010282-1-114950289.JPG,79
213,0,0,0,0,0,0,0,0,0,0,0,0,0,0,0,0.69922810253,2.02981210382,39.7170335157,-0.363911241504,0.0090729437339,-0.00149972344654,-0.180947111969,0.983449833592,./2010231204343010282-1-114950383.JPG,65
214,0,0,0,0,0,0,0,0,0,0,0,0,0,0,0,0.699228393902,2.0298119301,39.7200273434,-0.361849986451,0.0090634254843,-0.00150697989523,-0.179933292231,0.983635905037,./2010231204343010282-1-114950477.JPG,77
215,0,0,0,0,0,0,0,0,0,0,0,0,0,0,0,0.699228682848,2.02981177084,39.722769957,-0.365089063962,0.00899322576649,-0.00144202052977,-0.181526803772,0.98334381677,./2010231204343010282-1-114950571.JPG,64
216,0,0,0,0,0,0,0,0,0,0,0,0,0,0,0,0.699228968125,2.02981160173,39.726131198,-0.361052866904,0.00894020979788,-0.00144803919631,-0.17954172262,0.983708669104,./2010231204343010282-1-114950665.JPG,84
217,0,0,0,0,0,0,0,0,0,0,0,0,0,0,0,0.699229256094,2.02981144278,39.7284128862,-0.363537542654,0.008903039821,-0.00142750910026,-0.180763959568,0.983485174785,./2010231204343010282-1-114950759.JPG,71
218,0,0,0,0,0,0,0,0,0,0,0,0,0,0,0,0.699229542923,2.02981127877,39.7290940685,-0.364666172818,0.00882272151251,-0.00140309148244,-0.181319172419,0.983383724002,./2010231204343010282-1-114950853.JPG,67
219,0,0,0,0,0,0,0,0,0,0,0,0,0,0,0,0.699229832095,2.02981111808,39.7316176351,-0.366590205949,0.0090240285129,-7.03445016564e-05,-0.182276806604,0.983205841996,./2010231204343010282-1-114950947.JPG,51
220,0,0,0,0,0,0,0,0,0,0,0,0,0,0,0,0.699230119227,2.02981095412,39.7331362814,-0.367417866874,0.00896104598453,-5.15344120832e-05,-0.182683765401,0.983130885924,./2010231204343010282-1-114951041.JPG,435
221,0,0,0,0,0,0,0,0,0,0,0,0,0,0,0,0.699230372665,2.02981080161,39.7376263784,-0.366162299098,0.00893604957305,-5.10931431302e-05,-0.182066456023,0.983245620381,./2010231204343010282-1-114951135.JPG,56
222,0,0,0,0,0,0,0,0,0,0,0,0,0,0,0,0.699230658755,2.02981062855,39.7433170434,-0.364019172672,0.00892902806939,-5.88486465867e-05,-0.181012588757,0.983440243078,./2010231204343010282-1-114951229.JPG,81
223,0,0,0,0,0,0,0,0,0,0,0,0,0,0,0,0.699230948446,2.02981047142,39.7502192771,-0.366190048634,0.00869790657388,-0.00142594071032,-0.182068231935,0.983246394366,./2010231204343010282-1-114951334.JPG,93
224,0,0,0,0,0,0,0,0,0,0,0,0,0,0,0,0.699231236125,2.02981030576,39.7573068365,-0.366277626285,0.00882366178901,-0.00145605145807,-0.18211104591,0.983237300892,./2010231204343010282-1-114951429.JPG,93
225,0,0,0,0,0,0,0,0,0,0,0,0,0,0,0,0.69923152135,2.02981013703,39.7678407356,-0.363719394986,0.00903115951322,-0.00151852064,-0.180852590016,0.983467575946,./2010231204343010282-1-114951524.JPG,93
226,0,0,0,0,0,0,0,0,0,0,0,0,0,0,0,0.69923181135,2.02980997374,39.7779750731,-0.36529617593,0.00934597025244,-0.00158788239787,-0.181627354007,0.983321735622,./2010231204343010282-1-114951619.JPG,114
227,0,0,0,0,0,0,0,0,0,0,0,0,0,0,0,0.699232094575,2.02980980087,39.7889952892,-0.361225791169,0.00993824024529,0.000329386352744,-0.179643816333,0.983681463757,./2010231204343010282-1-114951714.JPG,69
228,0,0,0,0,0,0,0,0,0,0,0,0,0,0,0,0.699232389432,2.02980963849,39.7993947193,-0.362854688327,0.0101493810847,0.000286594890463,-0.180445016024,0.983532665507,./2010231204343010282-1-114951809.JPG,86
229,0,0,0,0,0,0,0,0,0,0,0,0,0,0,0,0.699232677638,2.02980948143,39.8093772409,-0.366790415684,0.0103364684134,0.000261802505867,-0.182380449554,0.983173667518,./2010231204343010282-1-114951904.JPG,81
230,0,0,0,0,0,0,0,0,0,0,0,0,0,0,0,0.699232963969,2.02980931089,39.8226822997,-0.363265840366,0.0103733572561,0.000234951257258,-0.180647183719,0.983493229906,./2010231204343010282-1-114951999.JPG,548
231,0,0,0,0,0,0,0,0,0,0,0,0,0,0,0,0.699233250931,2.02980914651,39.8343486935,-0.36380977808,0.0103758657534,-0.000399528561246,-0.18090860903,0.983445096061,./2010231204343010282-1-114952094.JPG,86
232,0,0,0,0,0,0,0,0,0,0,0,0,0,0,0,0.699233538923,2.02980898341,39.8472979842,-0.365853659759,0.0103732482641,-0.000388048036857,-0.181913749106,0.983259697651,./2010231204343010282-1-114952189.JPG,78
233,0,0,0,0,0,0,0,0,0,0,0,0,0,0,0,0.699233824828,2.02980881483,39.8597344542,-0.36431770951,0.010464119059,-0.000417489489941,-0.181158337018,0.983398182245,./2010231204343010282-1-114952287.JPG,72
234,0,0,0,0,0,0,0,0,0,0,0,0,0,0,0,0.699234111872,2.02980864467,39.8714210773,-0.362852155909,0.0107531207302,0.000215854207681,-0.180444304112,0.983526398687,./2010231204343010282-1-114952383.JPG,73
235,0,0,0,0,0,0,0,0,0,0,0,0,0,0,0,0.699234391711,2.02980848634,39.8824735796,-0.36311586617,0.0108745425492,0.000188399445503,-0.180573973533,0.983501270417,./2010231204343010282-1-114952479.JPG,81
236,0,0,0,0,0,0,0,0,0,0,0,0,0,0,0,0.699234678972,2.02980832501,39.8917505853,-0.364592980048,0.0111542971229,0.000129909801509,-0.181300351004,0.983364503887,./2010231204343010282-1-114952575.JPG,70
237,0,0,0,0,0,0,0,0,0,0,0,0,0,0,0,0.699234966677,2.02980816158,39.9034625217,-0.36500486626,0.0112552676328,0.000108327743744,-0.181502869732,0.983325996552,./2010231204343010282-1-114952671.JPG,90
238,0,0,0,0,0,0,0,0,0,0,0,0,0,0,0,0.699235256535,2.02980800293,39.914668425,-0.367711086034,0.0115901549225,0.00139702868027,-0.182847277072,0.983072016633,./2010231204343010282-1-114952767.JPG,73
239,0,0,0,0,0,0,0,0,0,0,0,0,0,0,0,0.69923554252,2.02980783213,39.9291940341,-0.364782456229,0.0115332081437,0.00139425761273,-0.18140718126,0.983339450924,./2010231204343010282-1-114952863.JPG,63
240,0,0,0,0,0,0,0,0,0,0,0,0,0,0,0,0.699235830347,2.02980766596,39.9429622674,-0.365493255896,0.0114931364672,0.00140792703025,-0.18175669169,0.983275358474,./2010231204343010282-1-114952959.JPG,616
241,0,0,0,0,0,0,0,0,0,0,0,0,0,0,0,0.699236118549,2.02980750147,39.956391274,-0.367582756663,0.0114649749036,0.00142641105495,-0.182784071349,0.983085196188,./2010231204343010282-1-114953055.JPG,72
242,0,0,0,0,0,0,0,0,0,0,0,0,0,0,0,0.699236400646,2.02980733142,39.9713055752,-0.365230394855,0.0112524193007,0.000771845496553,-0.18162046252,0.983304019573,./2010231204343010282-1-114953151.JPG,61
243,0,0,0,0,0,0,0,0,0,0,0,0,0,0,0,0.699236688343,2.02980717149,39.9839115255,-0.368037058327,0.011193355526,0.000801533281409,-0.18300047598,0.983048774033,./2010231204343010282-1-114953251.JPG,88
244,0,0,0,0,0,0,0,0,0,0,0,0,0,0,0,0.699236973792,2.02980700438,39.9999922272,-0.366604338703,0.0112760111824,0.00077416156542,-0.182296082121,0.983178717573,./2010231204343010282-1-114953347.JPG,69
245,0,0,0,0,0,0,0,0,0,0,0,0,0,0,0,0.69923726171,2.02980683913,40.0125392657,-0.366457227769,0.0113252415182,0.000761800420082,-0.182223761569,0.983191567948,./2010231204343010282-1-114953443.JPG,78
246,0,0,0,0,0,0,0,0,0,0,0,0,0,0,0,0.699237549887,2.02980667658,40.0242263041,-0.368555818733,0.0113007629822,0.000751499669265,-0.18325526904,0.983000119213,./2010231204343010282-1-114953539.JPG,86
247,0,0,0,0,0,0,0,0,0,0,0,0,0,0,0,0.699237835256,2.02980650942,40.0363679444,-0.367455133933,0.0111768995401,0.000775353849938,-0.182714105854,0.983102248632,./2010231204343010282-1-114953635.JPG,77
248,0,0,0,0,0,0,0,0,0,0,0,0,0,0,0,0.699238123003,2.02980634295,40.050479033,-0.368087598724,0.0110102675965,0.000819045678701,-0.183025007985,0.983046260165,./2010231204343010282-1-114953731.JPG,70
249,0,0,0,0,0,0,0,0,0,0,0,0,0,0,0,0.69923839268,2.02980618766,40.0625436557,-0.369101560372,0.0112349459875,0.00286784168268,-0.183543091424,0.982943276625,./2010231204343010282-1-114953827.JPG,64
250,0,0,0,0,0,0,0,0,0,0,0,0,0,0,0,0.699238676163,2.02980601702,40.0753629804,-0.366313318545,0.0110145391933,0.00290558833144,-0.182171778601,0.983200732589,./2010231204343010282-1-114953923.JPG,353
251,0,0,0,0,0,0,0,0,0,0,0,0,0,0,0,0.69923896223,2.02980585436,40.0894223461,-0.367669907003,0.0108757522661,0.00294559000352,-0.182838398185,0.983078410739,./2010231204343010282-1-114954019.JPG,85
252,0,0,0,0,0,0,0,0,0,0,0,0,0,0,0,0.699239251193,2.0298056896,40.1041005375,-0.369360954429,0.0107309007227,0.00298850146563,-0.183669309,0.982924972498,./2010231204343010282-1-114954115.JPG,70
253,0,0,0,0,0,0,0,0,0,0,0,0,0,0,0,0.699239538339,2.02980552383,40.1220156448,-0.367496332537,0.0104655549402,0.00163265292244,-0.182740219632,0.983104174914,./2010231204343010282-1-114954211.JPG,76
254,0,0,0,0,0,0,0,0,0,0,0,0,0,0,0,0.699239826097,2.0298053578,40.1400747541,-0.367510562879,0.0105493695262,0.00161303842504,-0.182747318162,0.983101991969,./2010231204343010282-1-114954317.JPG,78
255,0,0,0,0,0,0,0,0,0,0,0,0,0,0,0,0.699240112348,2.02980519489,40.1596567342,-0.369684983708,0.0105134197586,0.00163272432115,-0.183816198358,0.982903050884,./2010231204343010282-1-114954415.JPG,72
256,1,0,0,0,0,0,0,0,0,0,0,0,0,0,0,0.699240401515,2.0298050225,40.1813093107,-0.367851860096,0.0106015650813,0.00160274486613,-0.182915175679,0.983070229705,./2010231204343010282-1-114954513.JPG,76
257,1,0,0,0,0,0,0,0,0,0,0,0,0,0,0,0.699240688278,2.02980486102,40.2027033558,-0.369112975943,0.0108800496173,0.00291845854847,-0.183547523423,0.982946292411,./2010231204343010282-1-114954611.JPG,95
258,1,0,0,0,0,0,0,0,0,0,0,0,0,0,0,0.69924097546,2.02980469444,40.2244448531,-0.369045244929,0.0109027516178,0.00291285638374,-0.183514288554,0.982952262916,./2010231204343010282-1-114954709.JPG,67
259,2,0,0,0,0,0,0,0,0,0,0,0,0,0,0,0.69924126156,2.02980452065,40.2464356693,-0.366775193199,0.0109007187644,0.00290191814284,-0.182398303245,0.983160013515,./2010231204343010282-1-114954807.JPG,55
260,2,0,0,0,0,0,0,0,0,0,0,0,0,0,0,0.699241547807,2.02980435853,40.2676645145,-0.368304749992,0.0108874979977,0.00291304344513,-0.18315024367,0.98302032777,./2010231204343010282-1-114954905.JPG,394
261,2,0,0,0,0,0,0,0,0,0,0,0,0,0,0,0.699241835218,2.02980419641,40.2886452498,-0.370452810279,0.0108494705825,0.00235572401124,-0.184201095488,0.982825872662,./2010231204343010282-1-114955003.JPG,77
262,0,0,0,0,0,0,0,0,0,0,0,0,0,0,0,0.699242122223,2.02980402876,40.3112915093,-0.371243690477,0.0108959964941,0.00234916752284,-0.184589893593,0.982752425515,./2010231204343010282-1-114955101.JPG,69
263,2,0,0,0,0,0,0,0,0,0,0,0,0,0,0,0.699242400672,2.02980386293,40.333001487,-0.369151382416,0.011017179917,0.00231025366036,-0.183561736935,0.982943728404,./2010231204343010282-1-114955199.JPG,73
264,2,0,0,0,0,0,0,0,0,0,0,0,0,0,0,0.699242687371,2.02980369752,40.3559955107,-0.368215557018,0.0113043924357,0.00355474247311,-0.183113844636,0.983020291968,./2010231204343010282-1-114955300.JPG,109
265,7,0,0,0,0,0,0,0,0,0,0,0,0,0,0,0.699242975876,2.02980352806,40.379637043,-0.366597729342,0.01131027648,0.00354502747396,-0.182318491677,0.983168082282,./2010231204343010282-1-114955397.JPG,83
266,5,0,0,0,0,0,0,0,0,0,0,0,0,0,0,0.699243260417,2.02980335655,40.4029519474,-0.364503087474,0.0112757500433,0.00354265664779,-0.181288419301,0.983358945692,./2010231204343010282-1-114955494.JPG,72
267,0,0,0,0,0,0,0,0,0,0,0,0,0,0,0,0.699243551262,2.02980319901,40.425514794,-0.368068811623,0.0111115208667,0.00360109596182,-0.183041096935,0.983035870681,./2010231204343010282-1-114955591.JPG,70
268,0,0,0,0,0,0,0,0,0,0,0,0,0,0,0,0.699243838976,2.02980303623,40.4495729227,-0.370213199231,0.011048237787,0.0036150252526,-0.18409485939,0.982839738096,./2010231204343010282-1-114955688.JPG,66
269,0,0,0,0,0,0,0,0,0,0,0,0,0,0,0,0.699244126878,2.02980286976,40.4738560608,-0.37130969097,0.0109591928757,0.00364186152756,-0.184633461912,0.982739598102,./2010231204343010282-1-114955785.JPG,59
270,0,0,0,0,0,0,0,0,0,0,0,0,0,0,0,0.699244418307,2.02980269774,40.5002436955,-0.370819229952,0.0109690510655,0.00363721136151,-0.184392455495,0.982784754139,./2010231204343010282-1-114955882.JPG,420
271,0,0,0,0,0,0,0,0,0,0,0,0,0,0,0,0.699244702209,2.02980252422,40.5278160386,-0.369612080498,0.0110022677044,0.00362337455052,-0.183799256613,0.982895546094,./2010231204343010282-1-114955979.JPG,66
272,0,0,0,0,0,0,0,0,0,0,0,0,0,0,0,0.699244989422,2.02980235741,40.5544864591,-0.369468668799,0.0112513492842,0.00470939206545,-0.183738838178,0.982899419122,./2010231204343010282-1-114956076.JPG,68
273,0,0,0,0,0,0,0,0,0,0,0,0,0,0,0,0.699245278224,2.02980219365,40.5813951334,-0.372398012331,0.0113445683256,0.00470255269667,-0.185178880386,0.982628092936,./2010231204343010282-1-114956173.JPG,73
274,0,0,0,0,0,0,0,0,0,0,0,0,0,0,0,0.699245565779,2.02980202306,40.609423303,-0.369196698536,0.0113875915746,0.00467616495313,-0.18360575826,0.982922876819,./2010231204343010282-1-114956279.JPG,79
275,0,0,0,0,0,0,0,0,0,0,0,0,0,0,0,0.699245853425,2.02980185971,40.6371056121,-0.368789649618,0.0113839148235,0.00467510091169,-0.183405661817,0.982960280545,./2010231204343010282-1-114956378.JPG,73
276,0,0,0,0,0,0,0,0,0,0,0,0,0,0,0,0.699246141355,2.02980169769,40.6647793632,-0.371771851203,0.0113945423946,0.00487007322855,-0.184872837493,0.982684324057,./2010231204343010282-1-114956477.JPG,71
277,0,0,0,0,0,0,0,0,0,0,0,0,0,0,0,0.699246431021,2.02980152376,40.6942279469,-0.36980760307,0.0113559072127,0.00486934095413,-0.183907320372,0.982865926973,./2010231204343010282-1-114956576.JPG,72
278,0,0,0,0,0,0,0,0,0,0,0,0,0,0,0,0.69924671777,2.02980135946,40.7220709492,-0.37145855236,0.0113419395189,0.00488122287843,-0.1847186381,0.982713874335,./2010231204343010282-1-114956675.JPG,68
279,0,0,0,0,0,0,0,0,0,0,0,0,0,0,0,0.699247008809,2.02980120551,40.7500150185,-0.376381102278,0.0110019472329,0.00375601200122,-0.187126119107,0.982267104753,./2010231204343010282-1-114956774.JPG,51
280,0,0,0,0,0,0,0,0,0,0,0,0,0,0,0,0.699247292765,2.02980102908,40.7799357446,-0.372525390269,0.0109399083959,0.00375119576636,-0.185231602564,0.982626836773,./2010231204343010282-1-114956873.JPG,374
281,0,0,0,0,0,0,0,0,0,0,0,0,0,0,0,0.699247578557,2.02980086036,40.809729401,-0.371073804362,0.0108131470629,0.00377387643728,-0.184517827099,0.982762435785,./2010231204343010282-1-114956972.JPG,86
282,0,0,0,0,0,0,0,0,0,0,0,0,0,0,0,0.699247864281,2.02980069421,40.8384676818,-0.371416117846,0.0107434738014,0.00379211387321,-0.184685813964,0.982731574624,./2010231204343010282-1-114957071.JPG,75
283,0,0,0,0,0,0,0,0,0,0,0,0,0,0,0,0.699248149844,2.02980052934,40.8672024738,-0.371474142458,0.0111461321819,0.006385943714,-0.184735815283,0.98270425969,./2010231204343010282-1-114957170.JPG,75
284,0,0,0,0,0,0,0,0,0,0,0,0,0,0,0,0.699248429046,2.02980036934,40.895056244,-0.372831650627,0.011074109097,0.00640974855276,-0.185402403939,0.982579374832,./2010231204343010282-1-114957272.JPG,71
285,0,0,0,0,0,0,0,0,0,0,0,0,0,0,0,0.69924871614,2.02980019977,40.9248934565,-0.370482458439,0.0109535468268,0.00642749975817,-0.184247294678,0.98279786399,./2010231204343010282-1-114957371.JPG,76
286,0,0,0,0,0,0,0,0,0,0,0,0,0,0,0,0.699249004848,2.02980003865,40.9530087234,-0.37273560898,0.0108952734048,0.00645212296293,-0.185354104533,0.98259020912,./2010231204343010282-1-114957470.JPG,76
287,0,0,0,0,0,0,0,0,0,0,0,0,0,0,0,0.699249289179,2.02979986301,40.9818424638,-0.368097456989,0.0105355076052,0.00443084950294,-0.183058440355,0.983035593489,./2010231204343010282-1-114957569.JPG,71
288,0,0,0,0,0,0,0,0,0,0,0,0,0,0,0,0.699249574814,2.02979969709,41.010198256,-0.368655806249,0.0104941372258,0.00444347354088,-0.18333273486,0.982984861,./2010231204343010282-1-114957668.JPG,64
289,0,0,0,0,0,0,0,0,0,0,0,0,0,0,0,0.699249862539,2.02979953415,41.0382217802,-0.371173272043,0.0104542815279,0.00446492184027,-0.184569886893,0.982753646304,./2010231204343010282-1-114957767.JPG,87
290,0,0,0,0,0,0,0,0,0,0,0,0,0,0,0,0.699250149152,2.02979936876,41.0670668753,-0.371556715356,0.0105020025884,0.00518257529405,-0.184763616678,0.982713210864,./2010231204343010282-1-114957866.JPG,438
291,0,0,0,0,0,0,0,0,0,0,0,0,0,0,0,0.69925042625,2.02979920634,41.0941661736,-0.371024651448,0.0105110585557,0.00517812600167,-0.184502196004,0.98276225219,./2010231204343010282-1-114957965.JPG,60
292,0,0,0,0,0,0,0,0,0,0,0,0,0,0,0,0.699250713089,2.02979904171,41.1225821227,-0.371615382136,0.0105820608528,0.00516430948904,-0.184792843471,0.982706952706,./2010231204343010282-1-114958064.JPG,105
293,0,0,0,0,0,0,0,0,0,0,0,0,0,0,0,0.699250996852,2.02979886995,41.1503670216,-0.368796867739,0.0106113850704,0.00514432556298,-0.183407771152,0.982966186551,./2010231204343010282-1-114958163.JPG,81
294,0,0,0,0,0,0,0,0,0,0,0,0,0,0,0,0.69925128771,2.02979870952,41.1772186467,-0.37131974831,0.0104257613241,0.00381858875915,-0.184636974151,0.982744071291,./2010231204343010282-1-114958270.JPG,73
295,0,0,0,0,0,0,0,0,0,0,0,0,0,0,0,0.699251570628,2.02979853789,41.2037673946,-0.368036480358,0.0104479307157,0.00379786477987,-0.183023285724,0.983045723173,./2010231204343010282-1-114958369.JPG,80
296,0,0,0,0,0,0,0,0,0,0,0,0,0,0,0,0.6992518545,2.0297983712,41.227477788,-0.365844816303,0.0105128004927,0.00377214687865,-0.181946003883,0.983245088269,./2010231204343010282-1-114958468.JPG,65
297,0,0,0,0,0,0,0,0,0,0,0,0,0,0,0,0.699252150074,2.02979820455,41.2511687074,-0.368370748445,0.0105627190864,0.00377266439974,-0.183188006458,0.983013911529,./2010231204343010282-1-114958567.JPG,73
298,0,0,0,0,0,0,0,0,0,0,0,0,0,0,0,0.699252437827,2.02979804023,41.2732188907,-0.370136156144,0.0107299913498,0.00494842750052,-0.184065377969,0.982842976769,./2010231204343010282-1-114958666.JPG,70
299,0,0,0,0,0,0,0,0,0,0,0,0,0,0,0,0.699252725846,2.02979787083,41.2963435724,-0.36901411974,0.010631054429,0.0049664789471,-0.183513428793,0.982947168581,./2010231204343010282-1-114958765.JPG,54
300,0,0,0,0,0,0,0,0,0,0,0,0,0,0,0,0.699253011955,2.02979770717,41.3184971707,-0.368824000937,0.0105582056393,0.00498287172258,-0.183419636479,0.982965376927,./2010231204343010282-1-114958864.JPG,431
301,0,0,0,0,0,0,0,0,0,0,0,0,0,0,0,0.699253302535,2.02979755012,41.3397177178,-0.371727472846,0.0100285539903,0.00244752666948,-0.184824974466,0.982717236305,./2010231204343010282-1-114958963.JPG,80
302,0,0,0,0,0,0,0,0,0,0,0,0,0,0,0,0.699253586525,2.02979738035,41.362283106,-0.368873404323,0.00997699537203,0.00244663076596,-0.183422105843,0.982980571857,./2010231204343010282-1-114959062.JPG,77
303,0,0,0,0,0,0,0,0,0,0,0,0,0,0,0,0.699253872033,2.0297972081,41.3842028854,-0.366807215382,0.00999982972808,0.00243156690116,-0.182406397017,0.983169363444,./2010231204343010282-1-114959161.JPG,89
304,0,0,0,0,0,0,0,0,0,0,0,0,0,0,0,0.699254156541,2.02979704664,41.4054010846,-0.368372665249,0.0099825602464,0.00244325755354,-0.18317597008,0.98302642028,./2010231204343010282-1-114959264.JPG,91
305,0,0,0,0,0,0,0,0,0,0,0,0,0,0,0,0.699254444527,2.02979687734,41.4274685057,-0.366180325381,0.010238153767,0.00387523678114,-0.182110278015,0.983217173054,./2010231204343010282-1-114959364.JPG,74
306,0,0,0,0,0,0,0,0,0,0,0,0,0,0,0,0.699254735516,2.02979671794,41.448454842,-0.370010969041,0.0102278413935,0.0038956798471,-0.183993318186,0.982866559509,./2010231204343010282-1-114959464.JPG,75
307,0,0,0,0,0,0,0,0,0,0,0,0,0,0,0,0.699255023024,2.02979655345,41.4697668627,-0.370882893811,0.0102327926751,0.00389872705453,-0.184421865419,0.98278617483,./2010231204343010282-1-114959564.JPG,71
308,0,0,0,0,0,0,0,0,0,0,0,0,0,0,0,0.699255308517,2.0297963835,41.4922541101,-0.369299767819,0.0101874476973,0.00390227011307,-0.183643612351,0.982932353644,./2010231204343010282-1-114959664.JPG,66
309,0,0,0,0,0,0,0,0,0,0,0,0,0,0,0,0.699255594427,2.029796217,41.5138979964,-0.366473190623,0.00992528976274,0.00249080405798,-0.182242350518,0.983200391678,./2010231204343010282-1-114959764.JPG,57
310,0,0,0,0,0,0,0,0,0,0,0,0,0,0,0,0.699255872764,2.02979605815,41.5346440719,-0.366719132586,0.00991819186966,0.00249380902358,-0.182363257667,0.983178037102,./2010231204343010282-1-114959864.JPG,459
311,0,0,0,0,0,0,0,0,0,0,0,0,0,0,0,0.699256159386,2.02979589345,41.5557712186,-0.367199893693,0.00993944064712,0.00249111694344,-0.182599669038,0.983133949532,./2010231204343010282-1-114959964.JPG,77
312,0,0,0,0,0,0,0,0,0,0,0,0,0,0,0,0.699256442384,2.02979573317,41.576420269,-0.367415700477,0.00995853193651,0.00248770916907,-0.182705808179,0.983114045573,./2010231204343010282-1-115000064.JPG,68
313,0,0,0,0,0,0,0,0,0,0,0,0,0,0,0,0.699256738379,2.02979556764,41.5971401064,-0.368620688894,0.0102745716568,0.00378422710538,-0.183309435246,0.9829942847,./2010231204343010282-1-115000164.JPG,71
314,0,0,0,0,0,0,0,0,0,0,0,0,0,0,0,0.699257026486,2.02979540849,41.6193398871,-0.371632993541,0.0103635998267,0.00377758967021,-0.18479026749,0.982716074284,./2010231204343010282-1-115000267.JPG,77
315,0,0,0,0,0,0,0,0,0,0,0,0,0,0,0,0.699257311775,2.02979523552,41.6403938141,-0.366450385818,0.0104134066127,0.00374135872478,-0.182242971811,0.983191264416,./2010231204343010282-1-115000366.JPG,73
316,0,0,0,0,0,0,0,0,0,0,0,0,0,0,0,0.699257608563,2.02979506199,41.6624036971,-0.363641535156,0.00997323927901,0.00104345272965,-0.180838308971,0.983461718479,./2010231204343010282-1-115000465.JPG,73
317,0,0,0,0,0,0,0,0,0,0,0,0,0,0,0,0.699257895351,2.02979489249,41.6812389418,-0.358394021757,0.00998608727146,0.00101497700577,-0.178256893623,0.9839327862,./2010231204343010282-1-115000564.JPG,70
318,0,0,0,0,0,0,0,0,0,0,0,0,0,0,0,0.699258186206,2.02979473931,41.6961760512,-0.364356658738,0.0099271948369,0.00105827873375,-0.181189980705,0.983397438344,./2010231204343010282-1-115000663.JPG,79
319,0,0,0,0,0,0,0,0,0,0,0,0,0,0,0,0.699258472753,2.02979457113,41.7121317154,-0.360376508464,0.00987827602345,0.00105100204614,-0.179232233565,0.983756637339,./2010231204343010282-1-115000762.JPG,58
320,0,0,0,0,0,0,0,0,0,0,0,0,0,0,0,0.699258760196,2.0297944084,41.7237842949,-0.360755939748,0.00981324329223,0.00109714692299,-0.179419100154,0.98372317398,./2010231204343010282-1-115000861.JPG,421
321,0,0,0,0,0,0,0,0,0,0,0,0,0,0,0,0.699259047614,2.0297942493,41.7353479359,-0.362057218042,0.00974009780802,0.00112092613951,-0.180059167875,0.983606918481,./2010231204343010282-1-115000960.JPG,61
322,0,0,0,0,0,0,0,0,0,0,0,0,0,0,0,0.699259338558,2.02979407949,41.746277716,-0.360022507266,0.0098022576511,0.00109659177725,-0.17905827762,0.983789025374,./2010231204343010282-1-115001059.JPG,66
323,0,0,0,0,0,0,0,0,0,0,0,0,0,0,0,0.69925962226,2.02979392943,41.756070572,-0.364758456316,0.00981403303746,0.00111655382031,-0.18138774931,0.983362050551,./2010231204343010282-1-115001158.JPG,93
324,0,0,0,0,0,0,0,0,0,0,0,0,0,0,0,0.699259909364,2.0297937652,41.7677603243,-0.365119775254,0.00964907572189,0.000434448100371,-0.181559208781,0.983332578683,./2010231204343010282-1-115001257.JPG,68
325,0,0,0,0,0,0,0,0,0,0,0,0,0,0,0,0.699260195578,2.02979359646,41.7801668011,-0.363203638844,0.00959034409382,0.000439690290664,-0.180616873069,0.983506673661,./2010231204343010282-1-115001356.JPG,80
326,0,0,0,0,0,0,0,0,0,0,0,0,0,0,0,0.699260483526,2.02979343386,41.7931032348,-0.364075341726,0.0094400322702,0.000480328561494,-0.181045594098,0.983429279579,./2010231204343010282-1-115001463.JPG,70
327,0,0,0,0,0,0,0,0,0,0,0,0,0,0,0,0.699260772848,2.02979327529,41.8046996063,-0.366446774391,0.00948395774377,0.00114560801012,-0.182217220936,0.983211892993,./2010231204343010282-1-115001562.JPG,74
328,0,0,0,0,0,0,0,0,0,0,0,0,0,0,0,0.699261058957,2.0297931035,41.817946027,-0.361666669823,0.00937989131572,0.00114911745811,-0.179866351685,0.9836456642,./2010231204343010282-1-115001661.JPG,75
329,0,0,0,0,0,0,0,0,0,0,0,0,0,0,0,0.699261351078,2.02979293975,41.8295489103,-0.361934052612,0.00934212147839,0.00115969587798,-0.179997849707,0.983621956837,./2010231204343010282-1-115001760.JPG,57
330,0,0,0,0,0,0,0,0,0,0,0,0,0,0,0,0.699261639983,2.02979277284,41.8423388004,-0.361721169748,0.00923577654294,0.00118480574785,-0.179893061087,0.983642101193,./2010231204343010282-1-115001859.JPG,484
331,0,0,0,0,0,0,0,0,0,0,0,0,0,0,0,0.69926192585,2.02979260534,41.8550437884,-0.359058381306,0.00902911842541,0.000565139145783,-0.178577782795,0.98388420616,./2010231204343010282-1-115001958.JPG,70
332,0,0,0,0,0,0,0,0,0,0,0,0,0,0,0,0.699262214693,2.0297924483,41.8673750181,-0.362620254255,0.00888884558759,0.000614710699829,-0.180329965678,0.983565815812,./2010231204343010282-1-115002057.JPG,93
333,0,0,0,0,0,0,0,0,0,0,0,0,0,0,0,0.699262499914,2.02979227971,41.8799721925,-0.358868964563,0.00881466275029,0.00061637237198,-0.178484561939,0.983903035342,./2010231204343010282-1-115002156.JPG,93
334,0,0,0,0,0,0,0,0,0,0,0,0,0,0,0,0.699262790398,2.02979212656,41.89151695,-0.363962502307,0.00871030863482,0.000663503553977,-0.180990073067,0.983446126505,./2010231204343010282-1-115002255.JPG,74
335,0,0,0,0,0,0,0,0,0,0,0,0,0,0,0,0.699263079686,2.02979196368,41.903649386,-0.364210901967,0.00886641672282,0.00196881557096,-0.18112227387,0.983418645506,./2010231204343010282-1-115002354.JPG,90
336,0,0,0,0,0,0,0,0,0,0,0,0,0,0,0,0.699263385913,2.02979179329,41.9156875042,-0.366209603057,0.00883180289615,0.00198560073151,-0.182105023292,0.983237416466,./2010231204343010282-1-115002459.JPG,95
337,0,0,0,0,0,0,0,0,0,0,0,0,0,0,0,0.699263672638,2.0297916297,41.9274721704,-0.366784749455,0.00878613600626,0.00199900026194,-0.182387726538,0.983185397074,./2010231204343010282-1-115002558.JPG,72
338,0,0,0,0,0,0,0,0,0,0,0,0,0,0,0,0.699263960527,2.0297914634,41.9391296087,-0.3646459343,0.00876723513501,0.00199477764137,-0.1813360455,0.983380086768,./2010231204343010282-1-115002657.JPG,70
339,0,0,0,0,0,0,0,0,0,0,0,0,0,0,0,0.699264247754,2.02979129254,41.951885106,-0.360363574793,0.00836091051805,0.000175414483012,-0.179215624741,0.983774275052,./2010231204343010282-1-115002756.JPG,56
340,0,0,0,0,0,0,0,0,0,0,0,0,0,0,0,0.699264538512,2.02979113521,41.9632644728,-0.363310118137,0.00830175029686,0.000202062394184,-0.180664997624,0.983509633276,./2010231204343010282-1-115002855.JPG,410
341,0,0,0,0,0,0,0,0,0,0,0,0,0,0,0,0.699264822585,2.02979096236,41.9762729397,-0.357317972392,0.00822689035344,0.000195731353343,-0.177717173759,0.984047197097,./2010231204343010282-1-115002954.JPG,60
342,0,0,0,0,0,0,0,0,0,0,0,0,0,0,0,0.699265114875,2.0297908121,41.9865567451,-0.363387120645,0.00841970485297,0.00139054929979,-0.180711752457,0.983499078529,./2010231204343010282-1-115003053.JPG,95
343,0,0,0,0,0,0,0,0,0,0,0,0,0,0,0,0.699265396558,2.02979064592,41.9978998015,-0.36056720209,0.00842929096596,0.00137698127142,-0.179324732108,0.983752860952,./2010231204343010282-1-115003152.JPG,80
344,0,0,0,0,0,0,0,0,0,0,0,0,0,0,0,0.699265684973,2.02979048789,42.008178615,-0.366116996624,0.00846362044486,0.00139137471826,-0.182054199103,0.983251086851,./2010231204343010282-1-115003251.JPG,68
345,0,0,0,0,0,0,0,0,0,0,0,0,0,0,0,0.699265972899,2.02979032212,42.0173659483,-0.3665883298,0.00863247035987,0.00135301494869,-0.182286112068,0.983206704184,./2010231204343010282-1-115003350.JPG,76
346,0,0,0,0,0,0,0,0,0,0,0,0,0,0,0,0.699266265889,2.02979016639,42.0261005741,-0.371845198633,0.00837589056178,-0.000729685039533,-0.184853612431,0.982730102311,./2010231204343010282-1-115003451.JPG,83
347,0,0,0,0,0,0,0,0,0,0,0,0,0,0,0,0.699266546058,2.02978998654,42.0362873012,-0.363691678831,0.00857618968412,-0.000813286982603,-0.180844913932,0.983473896268,./2010231204343010282-1-115003550.JPG,74
348,0,0,0,0,0,0,0,0,0,0,0,0,0,0,0,0.699266834151,2.02978982255,42.0461101383,-0.365555618946,0.00868209041687,-0.000830684304008,-0.181761400144,0.983303983866,./2010231204343010282-1-115003649.JPG,73
349,0,0,0,0,0,0,0,0,0,0,0,0,0,0,0,0.699267121273,2.02978965473,42.0555081032,-0.365476489866,0.00884999774906,-0.000871686262212,-0.181722262964,0.983309685118,./2010231204343010282-1-115003748.JPG,74
350,0,0,0,0,0,0,0,0,0,0,0,0,0,0,0,0.699267411645,2.02978949299,42.0656846073,-0.369689670591,0.0092571122183,-0.000111055123041,-0.18380041213,0.982919987609,./2010231204343010282-1-115003847.JPG,433
351,0,0,0,0,0,0,0,0,0,0,0,0,0,0,0,0.699267699087,2.02978933048,42.0750558646,-0.372129390564,0.00942056108269,-0.000137851925298,-0.184999410013,0.982693468138,./2010231204343010282-1-115003946.JPG,71
352,0,0,0,0,0,0,0,0,0,0,0,0,0,0,0,0.699267985458,2.02978916027,42.0824116329,-0.369740116087,0.00949171402462,-0.000165741753281,-0.18382507928,0.982913129489,./2010231204343010282-1-115004045.JPG,79
353,0,0,0,0,0,0,0,0,0,0,0,0,0,0,0,0.69926827259,2.02978899075,42.0880990848,-0.370180259345,0.00947572184103,-0.000159721433273,-0.184041433742,0.982872797391,./2010231204343010282-1-115004144.JPG,67
354,0,0,0,0,0,0,0,0,0,0,0,0,0,0,0,0.699268554693,2.02978881443,42.0924219582,-0.365002047892,0.00909309898919,-0.00218954674232,-0.181477070318,0.983350697556,./2010231204343010282-1-115004243.JPG,84
355,0,0,0,0,0,0,0,0,0,0,0,0,0,0,0,0.699268846978,2.02978866075,42.0920253424,-0.372805750348,0.00898963265239,-0.00212739127208,-0.185313531038,0.982636024134,./2010231204343010282-1-115004342.JPG,83
356,0,0,0,0,0,0,0,0,0,0,0,0,0,0,0,0.699269154292,2.02978847464,42.0927652027,-0.370901634211,0.00889322760503,-0.00211334773065,-0.18437801137,0.982812898362,./2010231204343010282-1-115004450.JPG,75
357,0,0,0,0,0,0,0,0,0,0,0,0,0,0,0,0.699269441095,2.02978830729,42.0929512484,-0.372165786399,0.00894449161497,-0.00144045521436,-0.185005376933,0.982695747251,./2010231204343010282-1-115004552.JPG,108
358,0,0,0,0,0,0,0,0,0,0,0,0,0,0,0,0.699269725982,2.02978814079,42.093081045,-0.372323840567,0.00887836697792,-0.00142386732188,-0.185083175604,0.982681721266,./2010231204343010282-1-115004654.JPG,72
359,0,0,0,0,0,0,0,0,0,0,0,0,0,0,0,0.699270018157,2.02978797727,42.0918956567,-0.377832678678,0.0088768170229,-0.00139796586781,-0.187789635366,0.982168163127,./2010231204343010282-1-115004756.JPG,53
360,0,0,0,0,0,0,0,0,0,0,0,0,0,0,0,0.699270303407,2.02978780781,42.0911524668,-0.376655688152,0.00889368167433,-0.00140718849451,-0.187211477512,0.982278364281,./2010231204343010282-1-115004858.JPG,380
361,0,0,0,0,0,0,0,0,0,0,0,0,0,0,0,0.699270589528,2.02978763947,42.0909883799,-0.376651565732,0.00886290151996,-0.00136738952162,-0.187209797164,0.98227901895,./2010231204343010282-1-115004960.JPG,64
362,0,0,0,0,0,0,0,0,0,0,0,0,0,0,0,0.699270869138,2.02978747621,42.0915043233,-0.37747600439,0.0087676439759,-0.0013414485742,-0.187614927595,0.982202610401,./2010231204343010282-1-115005062.JPG,102
363,0,0,0,0,0,0,0,0,0,0,0,0,0,0,0,0.699271155164,2.0297873094,42.0913896989,-0.379103610898,0.00872026608271,-0.00132299994243,-0.18841439358,0.982050010398,./2010231204343010282-1-115005164.JPG,73
364,0,0,0,0,0,0,0,0,0,0,0,0,0,0,0,0.699271436417,2.02978712597,42.0926533537,-0.371230102126,0.00866919809405,-0.00134643772251,-0.184546336164,0.982784656941,./2010231204343010282-1-115005266.JPG,82
365,0,0,0,0,0,0,0,0,0,0,0,0,0,0,0,0.69927173149,2.02978696552,42.0914038857,-0.376613646589,0.00826518163383,-0.00330178817605,-0.187173945155,0.982286464949,./2010231204343010282-1-115005368.JPG,79
366,0,0,0,0,0,0,0,0,0,0,0,0,0,0,0,0.699272012904,2.02978679878,42.0916873235,-0.376620267115,0.00820032850615,-0.00328641575809,-0.187177442623,0.982286393603,./2010231204343010282-1-115005471.JPG,69
367,0,0,0,0,0,0,0,0,0,0,0,0,0,0,0,0.69927230157,2.0297866296,42.0912920935,-0.377203892122,0.00817685979423,-0.00327814892139,-0.18746421241,0.982231928706,./2010231204343010282-1-115005573.JPG,67
368,0,0,0,0,0,0,0,0,0,0,0,0,0,0,0,0.699272580238,2.02978645724,42.0916651227,-0.372485145525,0.00839609841093,-0.00196586244169,-0.185157683138,0.98267098934,./2010231204343010282-1-115005675.JPG,61
369,0,0,0,0,0,0,0,0,0,0,0,0,0,0,0,0.699272867658,2.02978630222,42.0894634277,-0.377701828561,0.00844082216757,-0.00195296137281,-0.187720480497,0.982184279891,./2010231204343010282-1-115005777.JPG,72
370,0,0,0,0,0,0,0,0,0,0,0,0,0,0,0,0.699273153163,2.02978613198,42.0881258547,-0.37725780063,0.00850991317095,-0.00197077689726,-0.187502222131,0.982225337747,./2010231204343010282-1-115005879.JPG,401
371,0,0,0,0,0,0,0,0,0,0,0,0,0,0,0,0.699273437593,2.02978595201,42.0872024801,-0.371897541031,0.00860543430999,-0.00201705757039,-0.184868413889,0.982723535652,./2010231204343010282-1-115005981.JPG,69
372,0,0,0,0,0,0,0,0,0,0,0,0,0,0,0,0.699273722475,2.0297857885,42.0854751905,-0.374283234274,0.0081679761324,-0.00467722005301,-0.186016056328,0.982501620643,./2010231204343010282-1-115006083.JPG,64
373,0,0,0,0,0,0,0,0,0,0,0,0,0,0,0,0.69927401189,2.02978562321,42.0844743997,-0.375402517829,0.00838266459465,-0.00472192185907,-0.186564847589,0.982395537466,./2010231204343010282-1-115006185.JPG,78
374,0,0,0,0,0,0,0,0,0,0,0,0,0,0,0,0.699274271329,2.02978546994,42.0839870824,-0.375455594709,0.00843287806409,-0.00473322845048,-0.186590660874,0.982390150801,./2010231204343010282-1-115006287.JPG,70
375,0,0,0,0,0,0,0,0,0,0,0,0,0,0,0,0.699274556297,2.0297852983,42.0792905325,-0.371762401386,0.00853912007588,-0.00477566149423,-0.184775383863,0.982732076409,./2010231204343010282-1-115006389.JPG,97
376,1,0,0,0,0,0,0,0,0,0,0,0,0,0,0,0.699274843821,2.02978513463,42.071637447,-0.373664768929,0.00854847587677,-0.00481840312383,-0.185709657366,0.982555662399,./2010231204343010282-1-115006492.JPG,99
377,1,0,0,0,0,0,0,0,0,0,0,0,0,0,0,0.69927513529,2.0297849707,42.0608910201,-0.375701128778,0.00871858760009,-0.00484767216881,-0.186709251306,0.982364566636,./2010231204343010282-1-115006594.JPG,78
378,0,0,0,0,0,0,0,0,0,0,0,0,0,0,0,0.69927541832,2.02978479986,42.0492736399,-0.373512034347,0.00868651552798,-0.00485084602909,-0.185633869846,0.982568613435,./2010231204343010282-1-115006696.JPG,66
379,0,0,0,0,0,0,0,0,0,0,0,0,0,0,0,0.699275704575,2.02978463587,42.0367486682,-0.374663151141,0.00868148507745,-0.00484387597683,-0.186199497949,0.982461661158,./2010231204343010282-1-115006798.JPG,47
380,0,0,0,0,0,0,0,0,0,0,0,0,0,0,0,0.699275970959,2.02978447819,42.0245973598,-0.372577580791,0.00859997949549,-0.00546789620954,-0.185168400171,0.982653960477,./2010231204343010282-1-115006900.JPG,338
381,0,0,0,0,0,0,0,0,0,0,0,0,0,0,0,0.699276256593,2.02978430654,42.0120956246,-0.370895865747,0.00861001922544,-0.00547841152583,-0.184341851168,0.982809206552,./2010231204343010282-1-115007002.JPG,67
382,0,0,0,0,0,0,0,0,0,0,0,0,0,0,0,0.699276541449,2.02978414112,41.9993493585,-0.371270079882,0.00861377016855,-0.00547728185288,-0.184525751337,0.982774668701,./2010231204343010282-1-115007104.JPG,73
383,0,0,0,0,0,0,0,0,0,0,0,0,0,0,0,0.6992768264,2.02978397634,41.9878399037,-0.369602302191,0.00877390795081,-0.00403097273996,-0.183720872648,0.982931030516,./2010231204343010282-1-115007206.JPG,72
384,0,0,0,0,0,0,0,0,0,0,0,0,0,0,0,0.699277113968,2.02978380712,41.9758805921,-0.367646734739,0.00870914202664,-0.00402513425022,-0.182759814274,0.983110776782,./2010231204343010282-1-115007308.JPG,66
385,0,0,0,0,0,0,0,0,0,0,0,0,0,0,0,0.699277402353,2.02978364922,41.9628153136,-0.37004303058,0.00867700195434,-0.00400591964304,-0.183937955303,0.982891393209,./2010231204343010282-1-115007410.JPG,75
386,0,0,0,0,0,0,0,0,0,0,0,0,0,0,0,0.699277683724,2.02978348103,41.9518540893,-0.367848678372,0.00856734794832,-0.00399062157472,-0.182859747912,0.983093580531,./2010231204343010282-1-115007518.JPG,111
387,0,0,0,0,0,0,0,1,0,0,0,0,0,0,0,0.699277973557,2.02978331979,41.9390236521,-0.370081627567,0.0083778329466,-0.00475933067203,-0.183950019828,0.982888371532,./2010231204343010282-1-115007621.JPG,67
388,0,0,0,0,0,0,0,0,0,0,0,0,0,0,0,0.699278261075,2.02978315564,41.9268631078,-0.370774946365,0.0083092410124,-0.00473953498126,-0.184291163463,0.982825142328,./2010231204343010282-1-115007724.JPG,66
389,0,0,0,0,0,0,0,0,0,0,0,0,0,0,0,0.699278548586,2.02978298402,41.9152069222,-0.366920160323,0.00822866017446,-0.00473822193171,-0.182396646174,0.983179180958,./2010231204343010282-1-115007827.JPG,46
390,0,0,0,0,0,0,0,0,0,0,0,0,0,0,0,0.699278835003,2.02978282291,41.902764095,-0.368432063303,0.00817619136041,-0.00471842074793,-0.183140235241,0.983041474525,./2010231204343010282-1-115007930.JPG,403
391,1,0,0,0,0,0,0,0,0,0,0,0,0,0,0,0.69927912434,2.0297826628,41.889301585,-0.369677490659,0.00818121453686,-0.00470956046352,-0.183752469829,0.982927218873,./2010231204343010282-1-115008033.JPG,71
392,1,0,0,0,0,0,0,0,0,0,0,0,0,0,0,0.699279387976,2.02978250894,41.8781093098,-0.369662927721,0.00813893824921,-0.00469947499328,-0.183745536374,0.982928914257,./2010231204343010282-1-115008136.JPG,66
393,0,0,0,0,0,0,0,0,0,0,0,0,0,0,0,0.699279675282,2.02978234064,41.8656910993,-0.369256481056,0.00811298049091,-0.00469504575678,-0.183545884621,0.982966451275,./2010231204343010282-1-115008239.JPG,89
394,1,0,0,0,0,0,0,0,0,0,0,0,0,0,0,0.699279961171,2.02978217341,41.8530069059,-0.369290231765,0.00811367501368,-0.00469489453917,-0.183562473118,0.982963348608,./2010231204343010282-1-115008342.JPG,80
395,1,0,0,0,0,0,0,0,0,0,0,0,0,0,0,0.699280248519,2.02978200166,41.8409172036,-0.366253050038,0.00770578062183,-0.00667662159561,-0.182050610093,0.983236298676,./2010231204343010282-1-115008445.JPG,80
396,0,0,0,0,0,0,0,0,0,0,0,0,0,0,0,0.699280533707,2.0297818397,41.8281699298,-0.36720032283,0.00768923670343,-0.00666809258914,-0.182516480107,0.983150114006,./2010231204343010282-1-115008555.JPG,105
397,0,0,0,0,0,0,0,0,0,0,0,0,0,0,0,0.699280824248,2.02978167425,41.8145944187,-0.368514358214,0.00772353461609,-0.00667002232784,-0.183162235175,0.983029731708,./2010231204343010282-1-115008658.JPG,76
398,0,0,0,0,0,0,0,0,0,0,0,0,0,0,0,0.699281110383,2.02978150892,41.8014339292,-0.369022548316,0.00775197006048,-0.00667427918656,-0.183411843256,0.982982938159,./2010231204343010282-1-115008761.JPG,84
399,0,0,0,0,0,0,0,0,0,0,0,0,0,0,0,0.699281401679,2.02978134859,41.7886332879,-0.37392208128,0.00835678439013,-0.00399695412715,-0.185844893846,0.982535426305,./2010231204343010282-1-115008864.JPG,56
400,0,0,0,0,0,0,0,0,0,0,0,0,0,0,0,0.699281685679,2.02978117732,41.7761392463,-0.371950381382,0.00834913907305,-0.00400416676833,-0.18487604521,0.982718223314,./2010231204343010282-1-115008967.JPG,282
401,0,0,0,0,0,0,0,0,0,0,0,0,0,0,0,0.699281972268,2.0297810089,41.7633285113,-0.370808752858,0.00843090312299,-0.00402847779968,-0.184314601248,0.982822882826,./2010231204343010282-1-115009070.JPG,74
402,0,0,0,0,0,0,0,0,0,0,0,0,0,0,0,0.699282261067,2.02978084302,41.7486695796,-0.370595154025,0.00793147557155,-0.00672050741562,-0.184183389666,0.982836917014,./2010231204343010282-1-115009173.JPG,100
403,0,0,0,0,0,0,0,0,0,0,0,0,0,0,0,0.699282544168,2.02978067501,41.732958274,-0.368224713034,0.0079753187807,-0.00674215425881,-0.183017870653,0.983054116856,./2010231204343010282-1-115009276.JPG,107
404,0,0,0,0,0,0,0,0,0,0,0,0,0,0,0,0.699282858366,2.02978049492,41.7133195149,-0.370118135108,0.00801094059501,-0.00674140038432,-0.183948345561,0.982880147585,./2010231204343010282-1-115009379.JPG,75
405,0,0,0,0,0,0,0,0,0,0,0,0,0,0,0,0.699283143845,2.02978032423,41.6954685012,-0.36739013308,0.00787324344945,-0.0067213281007,-0.182608332528,0.983131238786,./2010231204343010282-1-115009485.JPG,72
406,0,0,0,0,0,0,0,0,0,0,0,0,0,0,0,0.699283429668,2.02978015238,41.6773865381,-0.365424352612,0.00792286324085,-0.00606135632006,-0.181648694301,0.983312890212,./2010231204343010282-1-115009587.JPG,76
407,0,0,0,0,0,0,0,0,0,0,0,0,0,0,0,0.699283719962,2.02977999517,41.6566510554,-0.37008718432,0.00777236083766,-0.00600363486174,-0.183942077092,0.982888019588,./2010231204343010282-1-115009689.JPG,90
408,0,0,0,0,0,0,0,0,0,0,0,0,0,0,0,0.699284004629,2.02977982046,41.6390909133,-0.365934381911,0.00757999797917,-0.00597650888772,-0.181901782372,0.983269325537,./2010231204343010282-1-115009791.JPG,66
409,0,0,0,0,0,0,0,0,0,0,0,0,0,0,0,0.699284291945,2.0297796583,41.6201755852,-0.366779035204,0.00743696637618,-0.00593834331466,-0.182318032896,0.983193552914,./2010231204343010282-1-115009893.JPG,60
410,0,0,0,0,0,0,0,0,0,0,0,0,0,0,0,0.699284590526,2.02977949423,41.6005798047,-0.371699443558,0.0071720479027,-0.00645350447576,-0.184732452657,0.982741489378,./2010231204343010282-1-115009995.JPG,380
411,0,0,0,0,0,0,0,0,0,0,0,0,0,0,0,0.699284874469,2.02977932693,41.5819573682,-0.371692650984,0.00705507810341,-0.00642587313651,-0.184729937776,0.982742989859,./2010231204343010282-1-115010097.JPG,73
412,0,0,0,0,0,0,0,0,0,0,0,0,0,0,0,0.699285160192,2.02977916169,41.5627975669,-0.371600842156,0.00695754763791,-0.0064031708217,-0.184685503348,0.98275218483,./2010231204343010282-1-115010199.JPG,68
413,0,0,0,0,0,0,0,0,0,0,0,0,0,0,0,0.699285445567,2.02977899208,41.5439879112,-0.369032125607,0.00672557237314,-0.00702023498854,-0.183418152535,0.982986909525,./2010231204343010282-1-115010301.JPG,77
414,0,0,0,0,0,0,0,0,0,0,0,0,0,0,0,0.699285734372,2.02977882887,41.5241321763,-0.36981276377,0.00665368750622,-0.00699971435091,-0.183802411559,0.982915767473,./2010231204343010282-1-115010403.JPG,81
415,0,0,0,0,0,0,0,0,0,0,0,0,0,0,0,0.6992860226,2.02977866118,41.5038470607,-0.368655496617,0.00663482201631,-0.00699987187013,-0.183233714261,0.983022068363,./2010231204343010282-1-115010513.JPG,71
416,0,0,0,0,0,0,0,0,0,0,0,0,0,0,0,0.69928633902,2.02977847719,41.4801476551,-0.366995591658,0.00673046524851,-0.0070294601925,-0.182416966683,0.983173096557,./2010231204343010282-1-115010613.JPG,85
417,0,0,0,0,0,0,0,0,0,0,0,0,0,0,0,0.699286627966,2.02977831489,41.458150629,-0.369204804415,0.00688244506397,-0.00678848451716,-0.183504521708,0.982971331698,./2010231204343010282-1-115010713.JPG,124
418,0,0,0,0,0,0,0,0,0,0,0,0,0,0,0,0.69928691408,2.02977814626,41.4368548347,-0.368138036846,0.00696954779473,-0.00681316163542,-0.182979489116,0.983068417148,./2010231204343010282-1-115010813.JPG,68
419,0,0,0,0,0,0,0,0,0,0,0,0,0,0,0,0.699287201265,2.02977798069,41.4149826011,-0.368192361825,0.0070856248521,-0.00683984883672,-0.183005335195,0.983062590926,./2010231204343010282-1-115010913.JPG,52
420,0,0,0,0,0,0,0,0,0,0,0,0,0,0,0,0.699287488008,2.02977781065,41.3940488035,-0.365821927487,0.00729768939439,-0.00689972134275,-0.181838326255,0.983277153543,./2010231204343010282-1-115011013.JPG,316
421,0,0,0,0,0,0,0,0,0,0,0,0,0,0,0,0.69928777834,2.0297776535,41.3719036337,-0.368533414131,0.0074779957579,-0.00692951352681,-0.183170057028,0.983028377836,./2010231204343010282-1-115011113.JPG,75
422,0,0,0,0,0,0,0,0,0,0,0,0,0,0,0,0.699288071843,2.02977748692,41.3493558895,-0.370661426005,0.00723767392077,-0.0086461745113,-0.184198562324,0.982824373619,./2010231204343010282-1-115011213.JPG,89
423,0,0,0,0,0,0,0,0,0,0,0,0,0,0,0,0.699288357626,2.0297773166,41.327472426,-0.369292607271,0.00727428806638,-0.00866107679896,-0.183525435025,0.982949889455,./2010231204343010282-1-115011313.JPG,83
424,0,0,0,0,0,0,0,0,0,0,0,0,0,0,0,0.699288646452,2.02977715185,41.3037034553,-0.371332489448,0.00731608837013,-0.00866129670749,-0.184527633786,0.982761929035,./2010231204343010282-1-115011413.JPG,71
425,0,0,0,0,0,0,0,0,0,0,0,0,0,0,0,0.699288935489,2.02977698418,41.2787198117,-0.371885515163,0.00731554143486,-0.00865841699273,-0.184799416558,0.982710888465,./2010231204343010282-1-115011521.JPG,68
426,0,0,0,0,0,0,0,0,0,0,0,0,0,0,0,0.699289222372,2.02977681826,41.2525804359,-0.371317185631,0.00737454563256,-0.00792198856961,-0.184528035439,0.982767654286,./2010231204343010282-1-115011622.JPG,75
427,0,0,0,0,0,0,0,0,0,0,0,0,0,0,0,0.699289506353,2.02977665064,41.226847508,-0.368555484223,0.00731693285172,-0.00792070916823,-0.183171118078,0.983021905332,./2010231204343010282-1-115011723.JPG,72
428,0,0,0,0,0,0,0,0,0,0,0,0,0,0,0,0.699289807138,2.02977649415,41.1964606922,-0.372754380641,0.00722337428364,-0.00787874784259,-0.185235603794,0.982636005489,./2010231204343010282-1-115011824.JPG,71
429,0,0,0,0,0,0,0,0,0,0,0,0,0,0,0,0.699290094961,2.02977632449,41.1685591657,-0.369723255272,0.00691491943563,-0.00922183184541,-0.183733247535,0.982908559052,./2010231204343010282-1-115011925.JPG,61
430,0,0,0,0,0,0,0,0,0,0,0,0,0,0,0,0.699290378615,2.02977615138,41.1416452983,-0.365671672849,0.00684491969601,-0.00922349222769,-0.18174217473,0.983279134422,./2010231204343010282-1-115012026.JPG,404
431,0,0,0,0,0,0,0,0,0,0,0,0,0,0,0,0.699290668337,2.02977598791,41.1135256989,-0.366768628494,0.00679249122474,-0.00920597896061,-0.182282037883,0.983179724506,./2010231204343010282-1-115012127.JPG,94
432,0,0,0,0,0,0,0,0,0,0,0,0,0,0,0,0.699290955954,2.02977581788,41.0859505013,-0.363259253766,0.00672438101522,-0.0092053350702,-0.180557076245,0.983498442665,./2010231204343010282-1-115012228.JPG,57
433,0,0,0,0,0,0,0,0,0,0,0,0,0,0,0,0.699291243082,2.02977565867,41.0579168675,-0.364911649806,0.00687416692636,-0.00812192690908,-0.181380330816,0.983355457465,./2010231204343010282-1-115012329.JPG,65
434,0,0,0,0,0,0,0,0,0,0,0,0,0,0,0,0.69929153105,2.02977549298,41.0301449886,-0.364399054591,0.006813844071,-0.00810979112152,-0.181128796286,0.983402339825,./2010231204343010282-1-115012430.JPG,124
435,0,0,0,0,0,0,0,0,0,0,0,0,0,0,0,0.699291822031,2.02977533802,41.0014953231,-0.367822870382,0.00677141500793,-0.0080847788491,-0.182812591033,0.983091216953,./2010231204343010282-1-115012538.JPG,76
436,0,0,0,0,0,0,0,0,0,0,0,0,0,0,0,0.69929210849,2.02977516228,40.9743588641,-0.364988871302,0.00629505540185,-0.0102912295711,-0.181398791994,0.983335619783,./2010231204343010282-1-115012638.JPG,69
437,0,0,0,0,0,0,0,0,0,0,0,0,0,0,0,0.699292393478,2.02977499773,40.9473157749,-0.366633463896,0.00621062949426,-0.0102635598883,-0.182208328867,0.983186763698,./2010231204343010282-1-115012738.JPG,69
438,0,0,0,0,0,0,0,0,0,0,0,0,0,0,0,0.699292682406,2.02977483011,40.9190399181,-0.366937911881,0.00619312339916,-0.0102578715614,-0.182358198891,0.983159147133,./2010231204343010282-1-115012838.JPG,69
439,0,0,0,0,0,0,0,0,0,0,0,0,0,0,0,0.699292970239,2.02977466415,40.8908361327,-0.365637942656,0.00616861911522,-0.0102574344591,-0.181719342932,0.983277587246,./2010231204343010282-1-115012938.JPG,59
440,0,0,0,0,0,0,0,0,0,0,0,0,0,0,0,0.699293244718,2.02977450868,40.8633329635,-0.367340663834,0.00640916366422,-0.00910609635395,-0.182567124318,0.9831303305,./2010231204343010282-1-115013038.JPG,399
441,0,0,0,0,0,0,0,0,0,0,0,0,0,0,0,0.699293532255,2.0297743447,40.8344489271,-0.3687202202,0.00644648227546,-0.00910897515864,-0.18324492294,0.983003950986,./2010231204343010282-1-115013138.JPG,75
442,0,0,0,0,0,0,0,0,0,0,0,0,0,0,0,0.699293818937,2.02977417799,40.8062333772,-0.367204243445,0.00643618524509,-0.00911287918205,-0.182499794782,0.983142591823,./2010231204343010282-1-115013238.JPG,68
443,0,0,0,0,0,0,0,0,0,0,0,0,0,0,0,0.699294113426,2.02977402921,40.776438931,-0.374298482955,0.00671488027192,-0.00765243072694,-0.185999617139,0.982497070281,./2010231204343010282-1-115013338.JPG,71
444,0,0,0,0,0,0,0,0,0,0,0,0,0,0,0,0.699294398808,2.02977385575,40.7489948142,-0.371179071823,0.00667181874593,-0.00765547340036,-0.184467168312,0.982786214991,./2010231204343010282-1-115013438.JPG,74
445,0,0,0,0,0,0,0,0,0,0,0,0,0,0,0,0.699294685388,2.02977368786,40.7208513124,-0.369840356456,0.00666105583893,-0.00765845768049,-0.183809308518,0.982909515908,./2010231204343010282-1-115013540.JPG,78
446,0,0,0,0,0,0,0,0,0,0,0,0,0,0,0,0.699294955551,2.02977352407,40.6951846126,-0.365848027182,0.0065878172103,-0.00765790637258,-0.181847286795,0.983274896161,./2010231204343010282-1-115013639.JPG,77
447,0,0,0,0,0,0,0,0,0,0,0,0,0,0,0,0.699295242507,2.02977336413,40.6659779102,-0.367235442965,0.00645091813169,-0.00870183109937,-0.182519419298,0.983142576318,./2010231204343010282-1-115013738.JPG,69
448,0,0,0,0,0,0,0,0,0,0,0,0,0,0,0,0.699295532196,2.02977319741,40.6369683398,-0.367428795471,0.00648194835947,-0.00870826157918,-0.18261418397,0.983124717591,./2010231204343010282-1-115013837.JPG,97
449,0,0,0,0,0,0,0,0,0,0,0,0,0,0,0,0.69929581843,2.02977302939,40.6073384304,-0.366709980287,0.00659919717007,-0.00873924856111,-0.182259687472,0.983189443827,./2010231204343010282-1-115013936.JPG,60
450,0,0,0,0,0,0,0,0,0,0,0,0,0,0,0,0.699296113591,2.02977287618,40.5773316091,-0.369868241406,0.00661654740678,-0.00872950280591,-0.183812046688,0.982900375711,./2010231204343010282-1-115014035.JPG,420
451,0,0,0,0,0,0,0,0,0,0,0,0,0,0,0,0.699296395539,2.0297726945,40.5498125684,-0.363669064923,0.00657083221233,-0.00910927999738,-0.180760772153,0.983462957326,./2010231204343010282-1-115014134.JPG,65
452,0,0,0,0,0,0,0,0,0,0,0,0,0,0,0,0.699296685143,2.02977253043,40.5212850226,-0.362611569449,0.00654819524722,-0.00910828742857,-0.180240915721,0.983558525223,./2010231204343010282-1-115014233.JPG,72
453,0,0,0,0,0,0,0,0,0,0,0,0,0,0,0,0.699296974622,2.02977236628,40.491901149,-0.362606312487,0.00660090403059,-0.00912087691015,-0.180237810135,0.983558625334,./2010231204343010282-1-115014332.JPG,73
454,0,0,0,0,0,0,0,0,0,0,0,0,0,0,0,0.699297262355,2.02977220563,40.4627586501,-0.364916277358,0.00669753790475,-0.00885463349264,-0.181375900795,0.98335116874,./2010231204343010282-1-115014431.JPG,62
455,0,0,0,0,0,0,0,0,0,0,0,0,0,0,0,0.699297549118,2.02977204006,40.4337883871,-0.365904609456,0.00675437705009,-0.00886350549632,-0.181861328542,0.983261040539,./2010231204343010282-1-115014537.JPG,74
456,0,0,0,0,0,0,0,0,0,0,0,0,0,0,0,0.699297835642,2.02977187463,40.4047551248,-0.367141487122,0.0068193552031,-0.00887312608432,-0.182468828581,0.983147949509,./2010231204343010282-1-115014636.JPG,74
457,0,0,0,0,0,0,0,0,0,0,0,0,0,0,0,0.699298124844,2.02977171075,40.3752950421,-0.369660394453,0.00689068512032,-0.00887840512847,-0.18370637457,0.982916914252,./2010231204343010282-1-115014735.JPG,73
458,0,0,0,0,0,0,0,0,0,0,0,0,0,0,0,0.699298412879,2.02977154598,40.3455710914,-0.372267224937,0.00697696321182,-0.00900836576779,-0.184985327507,0.982675226073,./2010231204343010282-1-115014834.JPG,81
459,0,0,0,0,0,0,0,0,0,0,0,0,0,0,0,0.699298686802,2.02977139082,40.3189075384,-0.374937898703,0.00694578262516,-0.00898869381651,-0.186297825999,0.982427645944,./2010231204343010282-1-115014933.JPG,63
460,0,0,0,0,0,0,0,0,0,0,0,0,0,0,0,0.699298970484,2.02977121344,40.2912344225,-0.370742584358,0.00695558534264,-0.00900991065071,-0.184236282536,0.982816073098,./2010231204343010282-1-115015032.JPG,400
461,0,0,0,0,0,0,0,0,0,0,0,0,0,0,0,0.699299257576,2.02977104764,40.2629045397,-0.371172511306,0.00695619924072,-0.0090079403421,-0.184447568803,0.982776456101,./2010231204343010282-1-115015131.JPG,68
462,0,0,0,0,0,0,0,0,0,0,0,0,0,0,0,0.699299546369,2.02977088001,40.2334559225,-0.372279482546,0.006970297649,-0.00939399500511,-0.18498701103,0.982671345649,./2010231204343010282-1-115015230.JPG,67
463,0,0,0,0,0,0,0,0,0,0,0,0,0,0,0,0.69929983569,2.02977071407,40.2041079747,-0.373843129017,0.00703545837839,-0.00940185376786,-0.185754666144,0.982525985141,./2010231204343010282-1-115015329.JPG,74
464,0,0,0,0,0,0,0,0,0,0,0,0,0,0,0,0.699300118075,2.02977054474,40.175627457,-0.371152353577,0.00709915805251,-0.00942904701181,-0.184431817714,0.98277443986,./2010231204343010282-1-115015428.JPG,74
465,0,0,0,0,0,0,0,0,0,0,0,0,0,0,0,0.699300409015,2.02977038681,40.145638709,-0.375829035638,0.00717820951568,-0.009425490714,-0.186728861559,0.982340045857,./2010231204343010282-1-115015532.JPG,71
466,0,0,0,0,0,0,0,0,0,0,0,0,0,0,0,0.699300704301,2.02977021714,40.1153803468,-0.37697265279,0.00730994304728,-0.00922407181259,-0.187291958099,0.982233782591,./2010231204343010282-1-115015630.JPG,77
467,0,0,0,0,0,0,0,0,0,0,0,0,0,0,0,0.699300988364,2.02977004147,40.0859819064,-0.373737054609,0.00745673503409,-0.00927382250856,-0.185700983687,0.982534242648,./2010231204343010282-1-115015728.JPG,71
468,0,0,0,0,0,0,0,0,0,0,0,0,0,0,0,0.699301274333,2.02976987042,40.0568235619,-0.369854455206,0.00754194870972,-0.00931264816178,-0.18379212193,0.982892084366,./2010231204343010282-1-115015826.JPG,67
469,0,0,0,0,0,0,0,0,0,0,0,0,0,0,0,0.699301560882,2.02976970579,40.027634576,-0.370511521264,0.00747640221909,-0.0100619917352,-0.184106451958,0.982826370261,./2010231204343010282-1-115015924.JPG,73
470,0,0,0,0,0,0,0,0,0,0,0,0,0,0,0,0.699301848128,2.02976953893,39.9989528414,-0.370141785431,0.00750608044885,-0.0100707329596,-0.183924410375,0.982860137742,./2010231204343010282-1-115016022.JPG,188
471,0,0,0,0,0,0,0,0,0,0,0,0,0,0,0,0.69930213369,2.0297693726,39.9699504962,-0.369040378239,0.00757450066828,-0.0100923844872,-0.183382299688,0.982960682264,./2010231204343010282-1-115016120.JPG,52
472,0,0,0,0,0,0,0,0,0,0,0,0,0,0,0,0.699302420423,2.02976920949,39.9408205533,-0.369430283521,0.00763162933734,-0.0101039223535,-0.183573331915,0.982924463424,./2010231204343010282-1-115016218.JPG,56
473,0,0,0,0,0,0,0,0,0,0,0,0,0,0,0,0.699302693266,2.02976905265,39.9139929041,-0.367899046609,0.00781739492404,-0.00901137831372,-0.182832683952,0.983071662228,./2010231204343010282-1-115016316.JPG,56
474,0,0,0,0,0,0,0,0,0,0,0,0,0,0,0,0.699302982973,2.0297688937,39.8844665578,-0.370622000353,0.00786566826668,-0.00900895952977,-0.184170682029,0.982821514718,./2010231204343010282-1-115016414.JPG,56
475,0,0,0,0,0,0,0,0,0,0,0,0,0,0,0,0.699303267301,2.02976872521,39.8564065695,-0.368062387824,0.00787399655587,-0.00902351264463,-0.182912435473,0.983056263571,./2010231204343010282-1-115016515.JPG,55
476,0,0,0,0,0,0,0,0,0,0,0,0,0,0,0,0.699303553727,2.02976856189,39.8276850628,-0.366730091321,0.0078943210519,-0.00903478609934,-0.182257234936,0.983177681118,./2010231204343010282-1-115016612.JPG,48
