idx,change_feature,image_name
2,0,2010231204343010282-1-114929261
3,0,2010231204343010282-1-114929367
4,0,2010231204343010282-1-114929473
5,0,2010231204343010282-1-114929579
6,1,2010231204343010282-1-114929685
7,1,2010231204343010282-1-114929791
8,0,2010231204343010282-1-114929897
9,0,2010231204343010282-1-114930003
10,0,2010231204343010282-1-114930113
11,4,2010231204343010282-1-114930219
12,0,2010231204343010282-1-114930325
13,0,2010231204343010282-1-114930431
14,0,2010231204343010282-1-114930537
15,0,2010231204343010282-1-114930643
16,0,2010231204343010282-1-114930749
17,0,2010231204343010282-1-114930855
18,0,2010231204343010282-1-114930961
19,0,2010231204343010282-1-114931069
20,0,2010231204343010282-1-114931174
21,0,2010231204343010282-1-114931279
22,0,2010231204343010282-1-114931384
23,0,2010231204343010282-1-114931489
24,0,2010231204343010282-1-114931594
25,0,2010231204343010282-1-114931699
26,0,2010231204343010282-1-114931804
27,0,2010231204343010282-1-114931909
28,0,2010231204343010282-1-114932014
29,0,2010231204343010282-1-114932120
30,0,2010231204343010282-1-114932224
31,0,2010231204343010282-1-114932328
32,0,2010231204343010282-1-114932432
33,0,2010231204343010282-1-114932536
34,0,2010231204343010282-1-114932640
35,0,2010231204343010282-1-114932744
36,0,2010231204343010282-1-114932848
37,0,2010231204343010282-1-114932952
38,0,2010231204343010282-1-114933065
39,0,2010231204343010282-1-114933168
40,0,2010231204343010282-1-114933271
41,0,2010231204343010282-1-114933477
42,0,2010231204343010282-1-114933580
43,0,2010231204343010282-1-114933683
44,0,2010231204343010282-1-114933786
45,0,2010231204343010282-1-114933889
46,0,2010231204343010282-1-114933992
47,0,2010231204343010282-1-114934102
48,0,2010231204343010282-1-114934205
49,0,2010231204343010282-1-114934308
50,0,2010231204343010282-1-114934411
51,0,2010231204343010282-1-114934514
52,0,2010231204343010282-1-114934617
53,0,2010231204343010282-1-114934720
54,0,2010231204343010282-1-114934823
55,0,2010231204343010282-1-114934926
56,0,2010231204343010282-1-114935029
57,0,2010231204343010282-1-114935137
58,0,2010231204343010282-1-114935239
59,0,2010231204343010282-1-114935341
60,0,2010231204343010282-1-114935443
61,0,2010231204343010282-1-114935545
62,0,2010231204343010282-1-114935647
63,0,2010231204343010282-1-114935749
64,0,2010231204343010282-1-114935851
65,0,2010231204343010282-1-114935953
66,0,2010231204343010282-1-114936060
67,0,2010231204343010282-1-114936161
68,0,2010231204343010282-1-114936262
69,1,2010231204343010282-1-114936363
70,1,2010231204343010282-1-114936464
71,1,2010231204343010282-1-114936565
72,0,2010231204343010282-1-114936666
73,0,2010231204343010282-1-114936767
74,0,2010231204343010282-1-114936868
75,1,2010231204343010282-1-114936969
76,1,2010231204343010282-1-114937078
77,1,2010231204343010282-1-114937179
78,1,2010231204343010282-1-114937280
79,1,2010231204343010282-1-114937381
80,0,2010231204343010282-1-114937482
81,0,2010231204343010282-1-114937583
82,0,2010231204343010282-1-114937684
83,0,2010231204343010282-1-114937785
84,0,2010231204343010282-1-114937886
85,0,2010231204343010282-1-114937987
86,0,2010231204343010282-1-114938091
87,0,2010231204343010282-1-114938191
88,0,2010231204343010282-1-114938291
89,4,2010231204343010282-1-114938391
90,0,2010231204343010282-1-114938491
91,0,2010231204343010282-1-114938591
92,0,2010231204343010282-1-114938691
93,0,2010231204343010282-1-114938791
94,0,2010231204343010282-1-114938891
95,0,2010231204343010282-1-114938991
96,0,2010231204343010282-1-114939092
97,0,2010231204343010282-1-114939191
98,0,2010231204343010282-1-114939290
99,0,2010231204343010282-1-114939389
100,0,2010231204343010282-1-114939488
101,1,2010231204343010282-1-114939587
102,1,2010231204343010282-1-114939686
103,1,2010231204343010282-1-114939785
104,0,2010231204343010282-1-114939884
105,1,2010231204343010282-1-114939983
106,1,2010231204343010282-1-114940091
107,1,2010231204343010282-1-114940190
108,1,2010231204343010282-1-114940289
109,1,2010231204343010282-1-114940388
110,0,2010231204343010282-1-114940487
111,0,2010231204343010282-1-114940586
112,0,2010231204343010282-1-114940685
113,0,2010231204343010282-1-114940784
114,0,2010231204343010282-1-114940883
115,0,2010231204343010282-1-114940982
116,0,2010231204343010282-1-114941081
117,0,2010231204343010282-1-114941180
118,0,2010231204343010282-1-114941284
119,0,2010231204343010282-1-114941381
120,0,2010231204343010282-1-114941478
121,0,2010231204343010282-1-114941575
122,1,2010231204343010282-1-114941672
123,1,2010231204343010282-1-114941769
124,1,2010231204343010282-1-114941866
125,5,2010231204343010282-1-114941963
126,1,2010231204343010282-1-114942060
127,0,2010231204343010282-1-114942157
128,0,2010231204343010282-1-114942261
129,0,2010231204343010282-1-114942358
130,0,2010231204343010282-1-114942455
131,0,2010231204343010282-1-114942552
132,0,2010231204343010282-1-114942649
133,0,2010231204343010282-1-114942746
134,1,2010231204343010282-1-114942843
135,4,2010231204343010282-1-114942940
136,0,2010231204343010282-1-114943037
137,0,2010231204343010282-1-114943136
138,0,2010231204343010282-1-114943233
139,0,2010231204343010282-1-114943330
140,0,2010231204343010282-1-114943427
141,0,2010231204343010282-1-114943524
142,0,2010231204343010282-1-114943621
143,0,2010231204343010282-1-114943718
144,0,2010231204343010282-1-114943815
145,0,2010231204343010282-1-114943912
146,0,2010231204343010282-1-114944009
147,0,2010231204343010282-1-114944106
148,0,2010231204343010282-1-114944203
149,0,2010231204343010282-1-114944306
150,0,2010231204343010282-1-114944403
151,0,2010231204343010282-1-114944500
152,0,2010231204343010282-1-114944597
153,0,2010231204343010282-1-114944694
154,0,2010231204343010282-1-114944791
155,0,2010231204343010282-1-114944888
156,0,2010231204343010282-1-114944985
157,0,2010231204343010282-1-114945082
158,0,2010231204343010282-1-114945179
159,0,2010231204343010282-1-114945277
160,0,2010231204343010282-1-114945372
161,0,2010231204343010282-1-114945467
162,0,2010231204343010282-1-114945562
163,0,2010231204343010282-1-114945657
164,0,2010231204343010282-1-114945752
165,0,2010231204343010282-1-114945847
166,0,2010231204343010282-1-114945942
167,0,2010231204343010282-1-114946037
168,0,2010231204343010282-1-114946132
169,0,2010231204343010282-1-114946227
170,0,2010231204343010282-1-114946324
171,0,2010231204343010282-1-114946418
172,0,2010231204343010282-1-114946512
173,0,2010231204343010282-1-114946606
174,0,2010231204343010282-1-114946700
175,0,2010231204343010282-1-114946794
176,0,2010231204343010282-1-114946888
177,0,2010231204343010282-1-114946982
178,0,2010231204343010282-1-114947076
179,0,2010231204343010282-1-114947170
180,0,2010231204343010282-1-114947272
181,0,2010231204343010282-1-114947366
182,0,2010231204343010282-1-114947460
183,0,2010231204343010282-1-114947554
184,0,2010231204343010282-1-114947648
185,0,2010231204343010282-1-114947742
186,0,2010231204343010282-1-114947836
187,0,2010231204343010282-1-114947930
188,0,2010231204343010282-1-114948024
189,0,2010231204343010282-1-114948118
190,0,2010231204343010282-1-114948212
191,0,2010231204343010282-1-114948317
192,0,2010231204343010282-1-114948411
193,0,2010231204343010282-1-114948505
194,0,2010231204343010282-1-114948599
195,0,2010231204343010282-1-114948693
196,0,2010231204343010282-1-114948787
197,0,2010231204343010282-1-114948881
198,0,2010231204343010282-1-114948975
199,0,2010231204343010282-1-114949069
200,0,2010231204343010282-1-114949163
201,0,2010231204343010282-1-114949260
202,0,2010231204343010282-1-114949353
203,0,2010231204343010282-1-114949446
204,0,2010231204343010282-1-114949539
205,0,2010231204343010282-1-114949632
206,0,2010231204343010282-1-114949725
207,0,2010231204343010282-1-114949818
208,0,2010231204343010282-1-114949911
209,0,2010231204343010282-1-114950004
210,0,2010231204343010282-1-114950097
211,0,2010231204343010282-1-114950190
212,0,2010231204343010282-1-114950289
213,0,2010231204343010282-1-114950383
214,0,2010231204343010282-1-114950477
215,0,2010231204343010282-1-114950571
216,0,2010231204343010282-1-114950665
217,0,2010231204343010282-1-114950759
218,0,2010231204343010282-1-114950853
219,0,2010231204343010282-1-114950947
220,0,2010231204343010282-1-114951041
221,0,2010231204343010282-1-114951135
222,0,2010231204343010282-1-114951229
223,0,2010231204343010282-1-114951334
224,0,2010231204343010282-1-114951429
225,0,2010231204343010282-1-114951524
226,0,2010231204343010282-1-114951619
227,0,2010231204343010282-1-114951714
228,0,2010231204343010282-1-114951809
229,0,2010231204343010282-1-114951904
230,0,2010231204343010282-1-114951999
231,0,2010231204343010282-1-114952094
232,0,2010231204343010282-1-114952189
233,0,2010231204343010282-1-114952287
234,0,2010231204343010282-1-114952383
235,0,2010231204343010282-1-114952479
236,0,2010231204343010282-1-114952575
237,0,2010231204343010282-1-114952671
238,0,2010231204343010282-1-114952767
239,0,2010231204343010282-1-114952863
240,0,2010231204343010282-1-114952959
241,0,2010231204343010282-1-114953055
242,0,2010231204343010282-1-114953151
243,0,2010231204343010282-1-114953251
244,0,2010231204343010282-1-114953347
245,0,2010231204343010282-1-114953443
246,0,2010231204343010282-1-114953539
247,0,2010231204343010282-1-114953635
248,0,2010231204343010282-1-114953731
249,0,2010231204343010282-1-114953827
250,0,2010231204343010282-1-114953923
251,0,2010231204343010282-1-114954019
252,0,2010231204343010282-1-114954115
253,0,2010231204343010282-1-114954211
254,0,2010231204343010282-1-114954317
255,0,2010231204343010282-1-114954415
256,1,2010231204343010282-1-114954513
257,1,2010231204343010282-1-114954611
258,1,2010231204343010282-1-114954709
259,1,2010231204343010282-1-114954807
260,1,2010231204343010282-1-114954905
261,1,2010231204343010282-1-114955003
262,0,2010231204343010282-1-114955101
263,1,2010231204343010282-1-114955199
264,1,2010231204343010282-1-114955300
265,1,2010231204343010282-1-114955397
266,1,2010231204343010282-1-114955494
267,0,2010231204343010282-1-114955591
268,0,2010231204343010282-1-114955688
269,0,2010231204343010282-1-114955785
270,0,2010231204343010282-1-114955882
271,0,2010231204343010282-1-114955979
272,0,2010231204343010282-1-114956076
273,0,2010231204343010282-1-114956173
274,0,2010231204343010282-1-114956279
275,0,2010231204343010282-1-114956378
276,0,2010231204343010282-1-114956477
277,0,2010231204343010282-1-114956576
278,0,2010231204343010282-1-114956675
279,0,2010231204343010282-1-114956774
280,0,2010231204343010282-1-114956873
281,0,2010231204343010282-1-114956972
282,0,2010231204343010282-1-114957071
283,0,2010231204343010282-1-114957170
284,0,2010231204343010282-1-114957272
285,0,2010231204343010282-1-114957371
286,0,2010231204343010282-1-114957470
287,0,2010231204343010282-1-114957569
288,0,2010231204343010282-1-114957668
289,0,2010231204343010282-1-114957767
290,0,2010231204343010282-1-114957866
291,0,2010231204343010282-1-114957965
292,0,2010231204343010282-1-114958064
293,0,2010231204343010282-1-114958163
294,0,2010231204343010282-1-114958270
295,0,2010231204343010282-1-114958369
296,0,2010231204343010282-1-114958468
297,0,2010231204343010282-1-114958567
298,0,2010231204343010282-1-114958666
299,0,2010231204343010282-1-114958765
300,0,2010231204343010282-1-114958864
301,0,2010231204343010282-1-114958963
302,0,2010231204343010282-1-114959062
303,0,2010231204343010282-1-114959161
304,0,2010231204343010282-1-114959264
305,0,2010231204343010282-1-114959364
306,0,2010231204343010282-1-114959464
307,0,2010231204343010282-1-114959564
308,0,2010231204343010282-1-114959664
309,0,2010231204343010282-1-114959764
310,0,2010231204343010282-1-114959864
311,0,2010231204343010282-1-114959964
312,0,2010231204343010282-1-115000064
313,0,2010231204343010282-1-115000164
314,0,2010231204343010282-1-115000267
315,0,2010231204343010282-1-115000366
316,0,2010231204343010282-1-115000465
317,0,2010231204343010282-1-115000564
318,0,2010231204343010282-1-115000663
319,0,2010231204343010282-1-115000762
320,0,2010231204343010282-1-115000861
321,0,2010231204343010282-1-115000960
322,0,2010231204343010282-1-115001059
323,0,2010231204343010282-1-115001158
324,0,2010231204343010282-1-115001257
325,0,2010231204343010282-1-115001356
326,0,2010231204343010282-1-115001463
327,0,2010231204343010282-1-115001562
328,0,2010231204343010282-1-115001661
329,0,2010231204343010282-1-115001760
330,0,2010231204343010282-1-115001859
331,0,2010231204343010282-1-115001958
332,0,2010231204343010282-1-115002057
333,0,2010231204343010282-1-115002156
334,0,2010231204343010282-1-115002255
335,0,2010231204343010282-1-115002354
336,0,2010231204343010282-1-115002459
337,0,2010231204343010282-1-115002558
338,0,2010231204343010282-1-115002657
339,0,2010231204343010282-1-115002756
340,0,2010231204343010282-1-115002855
341,0,2010231204343010282-1-115002954
342,0,2010231204343010282-1-115003053
343,0,2010231204343010282-1-115003152
344,0,2010231204343010282-1-115003251
345,0,2010231204343010282-1-115003350
346,0,2010231204343010282-1-115003451
347,0,2010231204343010282-1-115003550
348,0,2010231204343010282-1-115003649
349,0,2010231204343010282-1-115003748
350,0,2010231204343010282-1-115003847
351,0,2010231204343010282-1-115003946
352,0,2010231204343010282-1-115004045
353,0,2010231204343010282-1-115004144
354,0,2010231204343010282-1-115004243
355,0,2010231204343010282-1-115004342
356,0,2010231204343010282-1-115004450
357,0,2010231204343010282-1-115004552
358,0,2010231204343010282-1-115004654
359,0,2010231204343010282-1-115004756
360,0,2010231204343010282-1-115004858
361,0,2010231204343010282-1-115004960
362,0,2010231204343010282-1-115005062
363,0,2010231204343010282-1-115005164
364,0,2010231204343010282-1-115005266
365,0,2010231204343010282-1-115005368
366,0,2010231204343010282-1-115005471
367,0,2010231204343010282-1-115005573
368,0,2010231204343010282-1-115005675
369,0,2010231204343010282-1-115005777
370,0,2010231204343010282-1-115005879
371,0,2010231204343010282-1-115005981
372,0,2010231204343010282-1-115006083
373,0,2010231204343010282-1-115006185
374,0,2010231204343010282-1-115006287
375,0,2010231204343010282-1-115006389
376,1,2010231204343010282-1-115006492
377,1,2010231204343010282-1-115006594
378,0,2010231204343010282-1-115006696
379,0,2010231204343010282-1-115006798
380,0,2010231204343010282-1-115006900
381,0,2010231204343010282-1-115007002
382,0,2010231204343010282-1-115007104
383,0,2010231204343010282-1-115007206
384,0,2010231204343010282-1-115007308
385,0,2010231204343010282-1-115007410
386,0,2010231204343010282-1-115007518
387,4,2010231204343010282-1-115007621
388,0,2010231204343010282-1-115007724
389,0,2010231204343010282-1-115007827
390,0,2010231204343010282-1-115007930
391,1,2010231204343010282-1-115008033
392,1,2010231204343010282-1-115008136
393,0,2010231204343010282-1-115008239
394,1,2010231204343010282-1-115008342
395,1,2010231204343010282-1-115008445
396,0,2010231204343010282-1-115008555
397,0,2010231204343010282-1-115008658
398,0,2010231204343010282-1-115008761
399,0,2010231204343010282-1-115008864
400,0,2010231204343010282-1-115008967
401,0,2010231204343010282-1-115009070
402,0,2010231204343010282-1-115009173
403,0,2010231204343010282-1-115009276
404,0,2010231204343010282-1-115009379
405,0,2010231204343010282-1-115009485
406,0,2010231204343010282-1-115009587
407,0,2010231204343010282-1-115009689
408,0,2010231204343010282-1-115009791
409,0,2010231204343010282-1-115009893
410,0,2010231204343010282-1-115009995
411,0,2010231204343010282-1-115010097
412,0,2010231204343010282-1-115010199
413,0,2010231204343010282-1-115010301
414,0,2010231204343010282-1-115010403
415,0,2010231204343010282-1-115010513
416,0,2010231204343010282-1-115010613
417,0,2010231204343010282-1-115010713
418,0,2010231204343010282-1-115010813
419,0,2010231204343010282-1-115010913
420,0,2010231204343010282-1-115011013
421,0,2010231204343010282-1-115011113
422,0,2010231204343010282-1-115011213
423,0,2010231204343010282-1-115011313
424,0,2010231204343010282-1-115011413
425,0,2010231204343010282-1-115011521
426,0,2010231204343010282-1-115011622
427,0,2010231204343010282-1-115011723
428,0,2010231204343010282-1-115011824
429,0,2010231204343010282-1-115011925
430,0,2010231204343010282-1-115012026
431,0,2010231204343010282-1-115012127
432,0,2010231204343010282-1-115012228
433,0,2010231204343010282-1-115012329
434,0,2010231204343010282-1-115012430
435,0,2010231204343010282-1-115012538
436,0,2010231204343010282-1-115012638
437,0,2010231204343010282-1-115012738
438,0,2010231204343010282-1-115012838
439,0,2010231204343010282-1-115012938
440,0,2010231204343010282-1-115013038
441,0,2010231204343010282-1-115013138
442,0,2010231204343010282-1-115013238
443,0,2010231204343010282-1-115013338
444,0,2010231204343010282-1-115013438
445,0,2010231204343010282-1-115013540
446,0,2010231204343010282-1-115013639
447,0,2010231204343010282-1-115013738
448,0,2010231204343010282-1-115013837
449,0,2010231204343010282-1-115013936
450,0,2010231204343010282-1-115014035
451,0,2010231204343010282-1-115014134
452,0,2010231204343010282-1-115014233
453,0,2010231204343010282-1-115014332
454,0,2010231204343010282-1-115014431
455,0,2010231204343010282-1-115014537
456,0,2010231204343010282-1-115014636
457,0,2010231204343010282-1-115014735
458,0,2010231204343010282-1-115014834
459,0,2010231204343010282-1-115014933
460,0,2010231204343010282-1-115015032
461,0,2010231204343010282-1-115015131
462,0,2010231204343010282-1-115015230
463,0,2010231204343010282-1-115015329
464,0,2010231204343010282-1-115015428
465,0,2010231204343010282-1-115015532
466,0,2010231204343010282-1-115015630
467,0,2010231204343010282-1-115015728
468,0,2010231204343010282-1-115015826
469,0,2010231204343010282-1-115015924
470,0,2010231204343010282-1-115016022
471,0,2010231204343010282-1-115016120
472,0,2010231204343010282-1-115016218
473,0,2010231204343010282-1-115016316
474,0,2010231204343010282-1-115016414
475,0,2010231204343010282-1-115016515
476,0,2010231204343010282-1-115016612
